scenario,classifier_quality,sensitivity,specificity,annual_housing_supply,seed,true_chronic_abandon_prob,true_transient_abandon_prob,true_chronic_housed_prob,true_transient_housed_prob,unresolved_prob
asymmetric_quality_path,0.5,0.55,0.45,50,1,0.5333333333333333,0.6333333333333333,0.4666666666666667,0.36666666666666664,0.0
asymmetric_quality_path,0.5,0.55,0.45,50,2,0.51875,0.6486111111111111,0.48125,0.35138888888888886,0.0
asymmetric_quality_path,0.5,0.55,0.45,50,3,0.53125,0.6444444444444445,0.46875,0.35555555555555557,0.0
asymmetric_quality_path,0.525,0.5750000000000001,0.47500000000000003,50,1,0.5270833333333333,0.6388888888888888,0.47291666666666665,0.3611111111111111,0.0
asymmetric_quality_path,0.525,0.5750000000000001,0.47500000000000003,50,2,0.5041666666666667,0.6583333333333333,0.49583333333333335,0.3416666666666667,0.0
asymmetric_quality_path,0.525,0.5750000000000001,0.47500000000000003,50,3,0.5145833333333333,0.6555555555555556,0.48541666666666666,0.34444444444444444,0.0
asymmetric_quality_path,0.55,0.6000000000000001,0.5,50,1,0.5145833333333333,0.6458333333333334,0.48541666666666666,0.3541666666666667,0.0
asymmetric_quality_path,0.55,0.6000000000000001,0.5,50,2,0.48333333333333334,0.6680555555555555,0.5166666666666667,0.33194444444444443,0.0
asymmetric_quality_path,0.55,0.6000000000000001,0.5,50,3,0.50625,0.6583333333333333,0.49375,0.3416666666666667,0.0
asymmetric_quality_path,0.5750000000000001,0.6250000000000001,0.525,50,1,0.49375,0.6611111111111111,0.50625,0.3388888888888889,0.0
asymmetric_quality_path,0.5750000000000001,0.6250000000000001,0.525,50,2,0.4708333333333333,0.6791666666666667,0.5291666666666667,0.32083333333333336,0.0
asymmetric_quality_path,0.5750000000000001,0.6250000000000001,0.525,50,3,0.5041666666666667,0.6625,0.49583333333333335,0.3375,0.0
asymmetric_quality_path,0.6000000000000001,0.6500000000000001,0.55,50,1,0.48125,0.6680555555555555,0.51875,0.33194444444444443,0.0
asymmetric_quality_path,0.6000000000000001,0.6500000000000001,0.55,50,2,0.45625,0.6888888888888889,0.54375,0.3111111111111111,0.0
asymmetric_quality_path,0.6000000000000001,0.6500000000000001,0.55,50,3,0.4708333333333333,0.6777777777777778,0.5291666666666667,0.32222222222222224,0.0
asymmetric_quality_path,0.6250000000000001,0.6750000000000002,0.5750000000000001,50,1,0.4666666666666667,0.6791666666666667,0.5333333333333333,0.32083333333333336,0.0
asymmetric_quality_path,0.6250000000000001,0.6750000000000002,0.5750000000000001,50,2,0.43333333333333335,0.7111111111111111,0.5666666666666667,0.28888888888888886,0.0
asymmetric_quality_path,0.6250000000000001,0.6750000000000002,0.5750000000000001,50,3,0.475,0.6736111111111112,0.525,0.3263888888888889,0.0
asymmetric_quality_path,0.6500000000000001,0.7000000000000002,0.6000000000000001,50,1,0.45208333333333334,0.6847222222222222,0.5479166666666667,0.31527777777777777,0.0
asymmetric_quality_path,0.6500000000000001,0.7000000000000002,0.6000000000000001,50,2,0.42291666666666666,0.7180555555555556,0.5770833333333333,0.28194444444444444,0.0
asymmetric_quality_path,0.6500000000000001,0.7000000000000002,0.6000000000000001,50,3,0.45208333333333334,0.6902777777777778,0.5479166666666667,0.30972222222222223,0.0
asymmetric_quality_path,0.6750000000000002,0.7250000000000002,0.6250000000000001,50,1,0.44166666666666665,0.6930555555555555,0.5583333333333333,0.30694444444444446,0.0
asymmetric_quality_path,0.6750000000000002,0.7250000000000002,0.6250000000000001,50,2,0.42083333333333334,0.7166666666666667,0.5791666666666667,0.2833333333333333,0.0
asymmetric_quality_path,0.6750000000000002,0.7250000000000002,0.6250000000000001,50,3,0.44375,0.6958333333333333,0.55625,0.30416666666666664,0.0
asymmetric_quality_path,0.7000000000000002,0.7500000000000002,0.6500000000000001,50,1,0.43125,0.7027777777777777,0.56875,0.2972222222222222,0.0
asymmetric_quality_path,0.7000000000000002,0.7500000000000002,0.6500000000000001,50,2,0.41875,0.7236111111111111,0.58125,0.2763888888888889,0.0
asymmetric_quality_path,0.7000000000000002,0.7500000000000002,0.6500000000000001,50,3,0.425,0.7069444444444445,0.575,0.29305555555555557,0.0
asymmetric_quality_path,0.7250000000000002,0.7750000000000002,0.6750000000000002,50,1,0.42083333333333334,0.7111111111111111,0.5791666666666667,0.28888888888888886,0.0
asymmetric_quality_path,0.7250000000000002,0.7750000000000002,0.6750000000000002,50,2,0.40625,0.7319444444444444,0.59375,0.26805555555555555,0.0
asymmetric_quality_path,0.7250000000000002,0.7750000000000002,0.6750000000000002,50,3,0.4125,0.7125,0.5875,0.2875,0.0
asymmetric_quality_path,0.7500000000000002,0.8000000000000003,0.7000000000000002,50,1,0.4125,0.7194444444444444,0.5875,0.28055555555555556,0.0
asymmetric_quality_path,0.7500000000000002,0.8000000000000003,0.7000000000000002,50,2,0.3958333333333333,0.7361111111111112,0.6041666666666666,0.2638888888888889,0.0
asymmetric_quality_path,0.7500000000000002,0.8000000000000003,0.7000000000000002,50,3,0.4083333333333333,0.7125,0.5916666666666667,0.2875,0.0
asymmetric_quality_path,0.7750000000000002,0.8250000000000003,0.7250000000000002,50,1,0.4,0.7222222222222222,0.6,0.2777777777777778,0.0
asymmetric_quality_path,0.7750000000000002,0.8250000000000003,0.7250000000000002,50,2,0.37916666666666665,0.7472222222222222,0.6208333333333333,0.25277777777777777,0.0
asymmetric_quality_path,0.7750000000000002,0.8250000000000003,0.7250000000000002,50,3,0.38958333333333334,0.7222222222222222,0.6104166666666667,0.2777777777777778,0.0
asymmetric_quality_path,0.8000000000000003,0.8500000000000003,0.7500000000000002,50,1,0.38125,0.7319444444444444,0.61875,0.26805555555555555,0.0
asymmetric_quality_path,0.8000000000000003,0.8500000000000003,0.7500000000000002,50,2,0.35833333333333334,0.7597222222222222,0.6416666666666667,0.24027777777777778,0.0
asymmetric_quality_path,0.8000000000000003,0.8500000000000003,0.7500000000000002,50,3,0.38125,0.7277777777777777,0.61875,0.2722222222222222,0.0
asymmetric_quality_path,0.8250000000000003,0.8750000000000003,0.7750000000000002,50,1,0.3625,0.7444444444444445,0.6375,0.25555555555555554,0.0
asymmetric_quality_path,0.8250000000000003,0.8750000000000003,0.7750000000000002,50,2,0.34791666666666665,0.7652777777777777,0.6520833333333333,0.23472222222222222,0.0
asymmetric_quality_path,0.8250000000000003,0.8750000000000003,0.7750000000000002,50,3,0.36875,0.7388888888888889,0.63125,0.2611111111111111,0.0
asymmetric_quality_path,0.8500000000000003,0.9000000000000004,0.8000000000000003,50,1,0.35208333333333336,0.7513888888888889,0.6479166666666667,0.24861111111111112,0.0
asymmetric_quality_path,0.8500000000000003,0.9000000000000004,0.8000000000000003,50,2,0.32708333333333334,0.7763888888888889,0.6729166666666667,0.22361111111111112,0.0
asymmetric_quality_path,0.8500000000000003,0.9000000000000004,0.8000000000000003,50,3,0.35833333333333334,0.7458333333333333,0.6416666666666667,0.25416666666666665,0.0
asymmetric_quality_path,0.8750000000000003,0.9250000000000004,0.8250000000000003,50,1,0.3416666666666667,0.7611111111111111,0.6583333333333333,0.2388888888888889,0.0
asymmetric_quality_path,0.8750000000000003,0.9250000000000004,0.8250000000000003,50,2,0.32083333333333336,0.7847222222222222,0.6791666666666667,0.2152777777777778,0.0
asymmetric_quality_path,0.8750000000000003,0.9250000000000004,0.8250000000000003,50,3,0.3416666666666667,0.7541666666666667,0.6583333333333333,0.24583333333333332,0.0
asymmetric_quality_path,0.9000000000000004,0.9500000000000004,0.8500000000000003,50,1,0.33541666666666664,0.7638888888888888,0.6645833333333333,0.2361111111111111,0.0
asymmetric_quality_path,0.9000000000000004,0.9500000000000004,0.8500000000000003,50,2,0.3104166666666667,0.7930555555555555,0.6895833333333333,0.20694444444444443,0.0
asymmetric_quality_path,0.9000000000000004,0.9500000000000004,0.8500000000000003,50,3,0.3375,0.7611111111111111,0.6625,0.2388888888888889,0.0
asymmetric_quality_path,0.5,0.55,0.45,55,1,0.5229166666666667,0.6013888888888889,0.47708333333333336,0.39861111111111114,0.0
asymmetric_quality_path,0.5,0.55,0.45,55,2,0.49166666666666664,0.6208333333333333,0.5083333333333333,0.37916666666666665,0.0
asymmetric_quality_path,0.5,0.55,0.45,55,3,0.4895833333333333,0.6291666666666667,0.5104166666666666,0.37083333333333335,0.0
asymmetric_quality_path,0.525,0.5750000000000001,0.47500000000000003,55,1,0.5166666666666667,0.6055555555555555,0.48333333333333334,0.39444444444444443,0.0
asymmetric_quality_path,0.525,0.5750000000000001,0.47500000000000003,55,2,0.4791666666666667,0.6291666666666667,0.5208333333333334,0.37083333333333335,0.0
asymmetric_quality_path,0.525,0.5750000000000001,0.47500000000000003,55,3,0.46875,0.6444444444444445,0.53125,0.35555555555555557,0.0
asymmetric_quality_path,0.55,0.6000000000000001,0.5,55,1,0.5041666666666667,0.6125,0.49583333333333335,0.3875,0.0
asymmetric_quality_path,0.55,0.6000000000000001,0.5,55,2,0.4625,0.6375,0.5375,0.3625,0.0
asymmetric_quality_path,0.55,0.6000000000000001,0.5,55,3,0.45625,0.6486111111111111,0.54375,0.35138888888888886,0.0
asymmetric_quality_path,0.5750000000000001,0.6250000000000001,0.525,55,1,0.48125,0.6305555555555555,0.51875,0.36944444444444446,0.0
asymmetric_quality_path,0.5750000000000001,0.6250000000000001,0.525,55,2,0.4583333333333333,0.6416666666666667,0.5416666666666666,0.35833333333333334,0.0
asymmetric_quality_path,0.5750000000000001,0.6250000000000001,0.525,55,3,0.45208333333333334,0.6527777777777778,0.5479166666666667,0.3472222222222222,0.0
asymmetric_quality_path,0.6000000000000001,0.6500000000000001,0.55,55,1,0.46458333333333335,0.6402777777777777,0.5354166666666667,0.3597222222222222,0.0
asymmetric_quality_path,0.6000000000000001,0.6500000000000001,0.55,55,2,0.4375,0.6569444444444444,0.5625,0.34305555555555556,0.0
asymmetric_quality_path,0.6000000000000001,0.6500000000000001,0.55,55,3,0.44375,0.6569444444444444,0.55625,0.34305555555555556,0.0
asymmetric_quality_path,0.6250000000000001,0.6750000000000002,0.5750000000000001,55,1,0.45416666666666666,0.65,0.5458333333333333,0.35,0.0
asymmetric_quality_path,0.6250000000000001,0.6750000000000002,0.5750000000000001,55,2,0.42916666666666664,0.6638888888888889,0.5708333333333333,0.33611111111111114,0.0
asymmetric_quality_path,0.6250000000000001,0.6750000000000002,0.5750000000000001,55,3,0.43125,0.6638888888888889,0.56875,0.33611111111111114,0.0
asymmetric_quality_path,0.6500000000000001,0.7000000000000002,0.6000000000000001,55,1,0.4354166666666667,0.6583333333333333,0.5645833333333333,0.3416666666666667,0.0
asymmetric_quality_path,0.6500000000000001,0.7000000000000002,0.6000000000000001,55,2,0.4166666666666667,0.6722222222222223,0.5833333333333334,0.3277777777777778,0.0
asymmetric_quality_path,0.6500000000000001,0.7000000000000002,0.6000000000000001,55,3,0.42291666666666666,0.6694444444444444,0.5770833333333333,0.33055555555555555,0.0
asymmetric_quality_path,0.6750000000000002,0.7250000000000002,0.6250000000000001,55,1,0.42291666666666666,0.6694444444444444,0.5770833333333333,0.33055555555555555,0.0
asymmetric_quality_path,0.6750000000000002,0.7250000000000002,0.6250000000000001,55,2,0.40625,0.6791666666666667,0.59375,0.32083333333333336,0.0
asymmetric_quality_path,0.6750000000000002,0.7250000000000002,0.6250000000000001,55,3,0.4125,0.6763888888888889,0.5875,0.3236111111111111,0.0
asymmetric_quality_path,0.7000000000000002,0.7500000000000002,0.6500000000000001,55,1,0.41458333333333336,0.675,0.5854166666666667,0.325,0.0
asymmetric_quality_path,0.7000000000000002,0.7500000000000002,0.6500000000000001,55,2,0.40208333333333335,0.6847222222222222,0.5979166666666667,0.31527777777777777,0.0
asymmetric_quality_path,0.7000000000000002,0.7500000000000002,0.6500000000000001,55,3,0.39166666666666666,0.6902777777777778,0.6083333333333333,0.30972222222222223,0.0
asymmetric_quality_path,0.7250000000000002,0.7750000000000002,0.6750000000000002,55,1,0.40208333333333335,0.6833333333333333,0.5979166666666667,0.31666666666666665,0.0
asymmetric_quality_path,0.7250000000000002,0.7750000000000002,0.6750000000000002,55,2,0.3958333333333333,0.6875,0.6041666666666666,0.3125,0.0
asymmetric_quality_path,0.7250000000000002,0.7750000000000002,0.6750000000000002,55,3,0.3854166666666667,0.6958333333333333,0.6145833333333334,0.30416666666666664,0.0
asymmetric_quality_path,0.7500000000000002,0.8000000000000003,0.7000000000000002,55,1,0.38958333333333334,0.6916666666666667,0.6104166666666667,0.30833333333333335,0.0
asymmetric_quality_path,0.7500000000000002,0.8000000000000003,0.7000000000000002,55,2,0.38333333333333336,0.6972222222222222,0.6166666666666667,0.30277777777777776,0.0
asymmetric_quality_path,0.7500000000000002,0.8000000000000003,0.7000000000000002,55,3,0.37916666666666665,0.6972222222222222,0.6208333333333333,0.30277777777777776,0.0
asymmetric_quality_path,0.7750000000000002,0.8250000000000003,0.7250000000000002,55,1,0.39166666666666666,0.6888888888888889,0.6083333333333333,0.3111111111111111,0.0
asymmetric_quality_path,0.7750000000000002,0.8250000000000003,0.7250000000000002,55,2,0.36666666666666664,0.7083333333333334,0.6333333333333333,0.2916666666666667,0.0
asymmetric_quality_path,0.7750000000000002,0.8250000000000003,0.7250000000000002,55,3,0.3541666666666667,0.7069444444444445,0.6458333333333334,0.29305555555555557,0.0
asymmetric_quality_path,0.8000000000000003,0.8500000000000003,0.7500000000000002,55,1,0.37083333333333335,0.7,0.6291666666666667,0.3,0.0
asymmetric_quality_path,0.8000000000000003,0.8500000000000003,0.7500000000000002,55,2,0.34791666666666665,0.7222222222222222,0.6520833333333333,0.2777777777777778,0.0
asymmetric_quality_path,0.8000000000000003,0.8500000000000003,0.7500000000000002,55,3,0.34791666666666665,0.7125,0.6520833333333333,0.2875,0.0
asymmetric_quality_path,0.8250000000000003,0.8750000000000003,0.7750000000000002,55,1,0.3333333333333333,0.7222222222222222,0.6666666666666666,0.2777777777777778,0.0
asymmetric_quality_path,0.8250000000000003,0.8750000000000003,0.7750000000000002,55,2,0.32916666666666666,0.7319444444444444,0.6708333333333333,0.26805555555555555,0.0
asymmetric_quality_path,0.8250000000000003,0.8750000000000003,0.7750000000000002,55,3,0.33541666666666664,0.7222222222222222,0.6645833333333333,0.2777777777777778,0.0
asymmetric_quality_path,0.8500000000000003,0.9000000000000004,0.8000000000000003,55,1,0.31875,0.7319444444444444,0.68125,0.26805555555555555,0.0
asymmetric_quality_path,0.8500000000000003,0.9000000000000004,0.8000000000000003,55,2,0.30833333333333335,0.7430555555555556,0.6916666666666667,0.2569444444444444,0.0
asymmetric_quality_path,0.8500000000000003,0.9000000000000004,0.8000000000000003,55,3,0.325,0.7263888888888889,0.675,0.27361111111111114,0.0
asymmetric_quality_path,0.8750000000000003,0.9250000000000004,0.8250000000000003,55,1,0.3020833333333333,0.7444444444444445,0.6979166666666666,0.25555555555555554,0.0
asymmetric_quality_path,0.8750000000000003,0.9250000000000004,0.8250000000000003,55,2,0.29791666666666666,0.7569444444444444,0.7020833333333333,0.24305555555555555,0.0
asymmetric_quality_path,0.8750000000000003,0.9250000000000004,0.8250000000000003,55,3,0.30833333333333335,0.7347222222222223,0.6916666666666667,0.2652777777777778,0.0
asymmetric_quality_path,0.9000000000000004,0.9500000000000004,0.8500000000000003,55,1,0.29791666666666666,0.7472222222222222,0.7020833333333333,0.25277777777777777,0.0
asymmetric_quality_path,0.9000000000000004,0.9500000000000004,0.8500000000000003,55,2,0.2791666666666667,0.7708333333333334,0.7208333333333333,0.22916666666666666,0.0
asymmetric_quality_path,0.9000000000000004,0.9500000000000004,0.8500000000000003,55,3,0.3,0.7430555555555556,0.7,0.2569444444444444,0.0
asymmetric_quality_path,0.5,0.55,0.45,60,1,0.50625,0.5666666666666667,0.49375,0.43333333333333335,0.0
asymmetric_quality_path,0.5,0.55,0.45,60,2,0.48541666666666666,0.5847222222222223,0.5145833333333333,0.4152777777777778,0.0
asymmetric_quality_path,0.5,0.55,0.45,60,3,0.46875,0.6027777777777777,0.53125,0.3972222222222222,0.0
asymmetric_quality_path,0.525,0.5750000000000001,0.47500000000000003,60,1,0.49583333333333335,0.575,0.5041666666666667,0.425,0.0
asymmetric_quality_path,0.525,0.5750000000000001,0.47500000000000003,60,2,0.47291666666666665,0.5930555555555556,0.5270833333333333,0.40694444444444444,0.0
asymmetric_quality_path,0.525,0.5750000000000001,0.47500000000000003,60,3,0.44583333333333336,0.6180555555555556,0.5541666666666667,0.3819444444444444,0.0
asymmetric_quality_path,0.55,0.6000000000000001,0.5,60,1,0.4791666666666667,0.5833333333333334,0.5208333333333334,0.4166666666666667,0.0
asymmetric_quality_path,0.55,0.6000000000000001,0.5,60,2,0.45625,0.6013888888888889,0.54375,0.39861111111111114,0.0
asymmetric_quality_path,0.55,0.6000000000000001,0.5,60,3,0.42916666666666664,0.6277777777777778,0.5708333333333333,0.37222222222222223,0.0
asymmetric_quality_path,0.5750000000000001,0.6250000000000001,0.525,60,1,0.4625,0.5944444444444444,0.5375,0.40555555555555556,0.0
asymmetric_quality_path,0.5750000000000001,0.6250000000000001,0.525,60,2,0.4479166666666667,0.6125,0.5520833333333334,0.3875,0.0
asymmetric_quality_path,0.5750000000000001,0.6250000000000001,0.525,60,3,0.42291666666666666,0.6319444444444444,0.5770833333333333,0.3680555555555556,0.0
asymmetric_quality_path,0.6000000000000001,0.6500000000000001,0.55,60,1,0.4479166666666667,0.6041666666666666,0.5520833333333334,0.3958333333333333,0.0
asymmetric_quality_path,0.6000000000000001,0.6500000000000001,0.55,60,2,0.4270833333333333,0.6236111111111111,0.5729166666666666,0.3763888888888889,0.0
asymmetric_quality_path,0.6000000000000001,0.6500000000000001,0.55,60,3,0.41458333333333336,0.6319444444444444,0.5854166666666667,0.3680555555555556,0.0
asymmetric_quality_path,0.6250000000000001,0.6750000000000002,0.5750000000000001,60,1,0.42916666666666664,0.6166666666666667,0.5708333333333333,0.38333333333333336,0.0
asymmetric_quality_path,0.6250000000000001,0.6750000000000002,0.5750000000000001,60,2,0.42083333333333334,0.6305555555555555,0.5791666666666667,0.36944444444444446,0.0
asymmetric_quality_path,0.6250000000000001,0.6750000000000002,0.5750000000000001,60,3,0.4,0.6430555555555556,0.6,0.35694444444444445,0.0
asymmetric_quality_path,0.6500000000000001,0.7000000000000002,0.6000000000000001,60,1,0.4125,0.625,0.5875,0.375,0.0
asymmetric_quality_path,0.6500000000000001,0.7000000000000002,0.6000000000000001,60,2,0.41041666666666665,0.6402777777777777,0.5895833333333333,0.3597222222222222,0.0
asymmetric_quality_path,0.6500000000000001,0.7000000000000002,0.6000000000000001,60,3,0.39375,0.6472222222222223,0.60625,0.3527777777777778,0.0
asymmetric_quality_path,0.6750000000000002,0.7250000000000002,0.6250000000000001,60,1,0.39791666666666664,0.6361111111111111,0.6020833333333333,0.3638888888888889,0.0
asymmetric_quality_path,0.6750000000000002,0.7250000000000002,0.6250000000000001,60,2,0.39375,0.6527777777777778,0.60625,0.3472222222222222,0.0
asymmetric_quality_path,0.6750000000000002,0.7250000000000002,0.6250000000000001,60,3,0.38333333333333336,0.6541666666666667,0.6166666666666667,0.3458333333333333,0.0
asymmetric_quality_path,0.7000000000000002,0.7500000000000002,0.6500000000000001,60,1,0.3729166666666667,0.6527777777777778,0.6270833333333333,0.3472222222222222,0.0
asymmetric_quality_path,0.7000000000000002,0.7500000000000002,0.6500000000000001,60,2,0.3854166666666667,0.6597222222222222,0.6145833333333334,0.3402777777777778,0.0
asymmetric_quality_path,0.7000000000000002,0.7500000000000002,0.6500000000000001,60,3,0.36875,0.6638888888888889,0.63125,0.33611111111111114,0.0
asymmetric_quality_path,0.7250000000000002,0.7750000000000002,0.6750000000000002,60,1,0.36041666666666666,0.6611111111111111,0.6395833333333333,0.3388888888888889,0.0
asymmetric_quality_path,0.7250000000000002,0.7750000000000002,0.6750000000000002,60,2,0.3729166666666667,0.6694444444444444,0.6270833333333333,0.33055555555555555,0.0
asymmetric_quality_path,0.7250000000000002,0.7750000000000002,0.6750000000000002,60,3,0.36041666666666666,0.6680555555555555,0.6395833333333333,0.33194444444444443,0.0
asymmetric_quality_path,0.7500000000000002,0.8000000000000003,0.7000000000000002,60,1,0.3416666666666667,0.6736111111111112,0.6583333333333333,0.3263888888888889,0.0
asymmetric_quality_path,0.7500000000000002,0.8000000000000003,0.7000000000000002,60,2,0.34791666666666665,0.6833333333333333,0.6520833333333333,0.31666666666666665,0.0
asymmetric_quality_path,0.7500000000000002,0.8000000000000003,0.7000000000000002,60,3,0.35208333333333336,0.6736111111111112,0.6479166666666667,0.3263888888888889,0.0
asymmetric_quality_path,0.7750000000000002,0.8250000000000003,0.7250000000000002,60,1,0.3375,0.6763888888888889,0.6625,0.3236111111111111,0.0
asymmetric_quality_path,0.7750000000000002,0.8250000000000003,0.7250000000000002,60,2,0.32916666666666666,0.6958333333333333,0.6708333333333333,0.30416666666666664,0.0
asymmetric_quality_path,0.7750000000000002,0.8250000000000003,0.7250000000000002,60,3,0.3375,0.6777777777777778,0.6625,0.32222222222222224,0.0
asymmetric_quality_path,0.8000000000000003,0.8500000000000003,0.7500000000000002,60,1,0.3145833333333333,0.6902777777777778,0.6854166666666667,0.30972222222222223,0.0
asymmetric_quality_path,0.8000000000000003,0.8500000000000003,0.7500000000000002,60,2,0.30833333333333335,0.7097222222222223,0.6916666666666667,0.2902777777777778,0.0
asymmetric_quality_path,0.8000000000000003,0.8500000000000003,0.7500000000000002,60,3,0.32916666666666666,0.6833333333333333,0.6708333333333333,0.31666666666666665,0.0
asymmetric_quality_path,0.8250000000000003,0.8750000000000003,0.7750000000000002,60,1,0.28125,0.7097222222222223,0.71875,0.2902777777777778,0.0
asymmetric_quality_path,0.8250000000000003,0.8750000000000003,0.7750000000000002,60,2,0.28958333333333336,0.7208333333333333,0.7104166666666667,0.2791666666666667,0.0
asymmetric_quality_path,0.8250000000000003,0.8750000000000003,0.7750000000000002,60,3,0.3145833333333333,0.6958333333333333,0.6854166666666667,0.30416666666666664,0.0
asymmetric_quality_path,0.8500000000000003,0.9000000000000004,0.8000000000000003,60,1,0.26875,0.7208333333333333,0.73125,0.2791666666666667,0.0
asymmetric_quality_path,0.8500000000000003,0.9000000000000004,0.8000000000000003,60,2,0.26458333333333334,0.7347222222222223,0.7354166666666667,0.2652777777777778,0.0
asymmetric_quality_path,0.8500000000000003,0.9000000000000004,0.8000000000000003,60,3,0.3,0.7,0.7,0.3,0.0
asymmetric_quality_path,0.8750000000000003,0.9250000000000004,0.8250000000000003,60,1,0.26875,0.7194444444444444,0.73125,0.28055555555555556,0.0
asymmetric_quality_path,0.8750000000000003,0.9250000000000004,0.8250000000000003,60,2,0.25416666666666665,0.7458333333333333,0.7458333333333333,0.25416666666666665,0.0
asymmetric_quality_path,0.8750000000000003,0.9250000000000004,0.8250000000000003,60,3,0.2791666666666667,0.7111111111111111,0.7208333333333333,0.28888888888888886,0.0
asymmetric_quality_path,0.9000000000000004,0.9500000000000004,0.8500000000000003,60,1,0.25625,0.7291666666666666,0.74375,0.2708333333333333,0.0
asymmetric_quality_path,0.9000000000000004,0.9500000000000004,0.8500000000000003,60,2,0.24375,0.7541666666666667,0.75625,0.24583333333333332,0.0
asymmetric_quality_path,0.9000000000000004,0.9500000000000004,0.8500000000000003,60,3,0.2708333333333333,0.7180555555555556,0.7291666666666666,0.28194444444444444,0.0
asymmetric_quality_path,0.5,0.55,0.45,65,1,0.4791666666666667,0.5375,0.5208333333333334,0.4625,0.0
asymmetric_quality_path,0.5,0.55,0.45,65,2,0.4708333333333333,0.5583333333333333,0.5291666666666667,0.44166666666666665,0.0
asymmetric_quality_path,0.5,0.55,0.45,65,3,0.45625,0.5708333333333333,0.54375,0.42916666666666664,0.0
asymmetric_quality_path,0.525,0.5750000000000001,0.47500000000000003,65,1,0.4666666666666667,0.5458333333333333,0.5333333333333333,0.45416666666666666,0.0
asymmetric_quality_path,0.525,0.5750000000000001,0.47500000000000003,65,2,0.45416666666666666,0.5680555555555555,0.5458333333333333,0.43194444444444446,0.0
asymmetric_quality_path,0.525,0.5750000000000001,0.47500000000000003,65,3,0.4395833333333333,0.5833333333333334,0.5604166666666667,0.4166666666666667,0.0
asymmetric_quality_path,0.55,0.6000000000000001,0.5,65,1,0.45,0.5541666666666667,0.55,0.44583333333333336,0.0
asymmetric_quality_path,0.55,0.6000000000000001,0.5,65,2,0.43333333333333335,0.5791666666666667,0.5666666666666667,0.42083333333333334,0.0
asymmetric_quality_path,0.55,0.6000000000000001,0.5,65,3,0.42291666666666666,0.5930555555555556,0.5770833333333333,0.40694444444444444,0.0
asymmetric_quality_path,0.5750000000000001,0.6250000000000001,0.525,65,1,0.4270833333333333,0.5694444444444444,0.5729166666666666,0.4305555555555556,0.0
asymmetric_quality_path,0.5750000000000001,0.6250000000000001,0.525,65,2,0.42291666666666666,0.5888888888888889,0.5770833333333333,0.4111111111111111,0.0
asymmetric_quality_path,0.5750000000000001,0.6250000000000001,0.525,65,3,0.41875,0.5972222222222222,0.58125,0.4027777777777778,0.0
asymmetric_quality_path,0.6000000000000001,0.6500000000000001,0.55,65,1,0.40625,0.5847222222222223,0.59375,0.4152777777777778,0.0
asymmetric_quality_path,0.6000000000000001,0.6500000000000001,0.55,65,2,0.4041666666666667,0.6,0.5958333333333333,0.4,0.0
asymmetric_quality_path,0.6000000000000001,0.6500000000000001,0.55,65,3,0.4083333333333333,0.5972222222222222,0.5916666666666667,0.4027777777777778,0.0
asymmetric_quality_path,0.6250000000000001,0.6750000000000002,0.5750000000000001,65,1,0.38333333333333336,0.6,0.6166666666666667,0.4,0.0
asymmetric_quality_path,0.6250000000000001,0.6750000000000002,0.5750000000000001,65,2,0.39375,0.6097222222222223,0.60625,0.3902777777777778,0.0
asymmetric_quality_path,0.6250000000000001,0.6750000000000002,0.5750000000000001,65,3,0.39375,0.6083333333333333,0.60625,0.39166666666666666,0.0
asymmetric_quality_path,0.6500000000000001,0.7000000000000002,0.6000000000000001,65,1,0.3645833333333333,0.6083333333333333,0.6354166666666666,0.39166666666666666,0.0
asymmetric_quality_path,0.6500000000000001,0.7000000000000002,0.6000000000000001,65,2,0.3770833333333333,0.6222222222222222,0.6229166666666667,0.37777777777777777,0.0
asymmetric_quality_path,0.6500000000000001,0.7000000000000002,0.6000000000000001,65,3,0.3854166666666667,0.6125,0.6145833333333334,0.3875,0.0
asymmetric_quality_path,0.6750000000000002,0.7250000000000002,0.6250000000000001,65,1,0.3541666666666667,0.6180555555555556,0.6458333333333334,0.3819444444444444,0.0
asymmetric_quality_path,0.6750000000000002,0.7250000000000002,0.6250000000000001,65,2,0.3541666666666667,0.6361111111111111,0.6458333333333334,0.3638888888888889,0.0
asymmetric_quality_path,0.6750000000000002,0.7250000000000002,0.6250000000000001,65,3,0.3770833333333333,0.6194444444444445,0.6229166666666667,0.38055555555555554,0.0
asymmetric_quality_path,0.7000000000000002,0.7500000000000002,0.6500000000000001,65,1,0.33541666666666664,0.6305555555555555,0.6645833333333333,0.36944444444444446,0.0
asymmetric_quality_path,0.7000000000000002,0.7500000000000002,0.6500000000000001,65,2,0.34791666666666665,0.6402777777777777,0.6520833333333333,0.3597222222222222,0.0
asymmetric_quality_path,0.7000000000000002,0.7500000000000002,0.6500000000000001,65,3,0.3541666666666667,0.6319444444444444,0.6458333333333334,0.3680555555555556,0.0
asymmetric_quality_path,0.7250000000000002,0.7750000000000002,0.6750000000000002,65,1,0.3229166666666667,0.6402777777777777,0.6770833333333334,0.3597222222222222,0.0
asymmetric_quality_path,0.7250000000000002,0.7750000000000002,0.6750000000000002,65,2,0.3333333333333333,0.6527777777777778,0.6666666666666666,0.3472222222222222,0.0
asymmetric_quality_path,0.7250000000000002,0.7750000000000002,0.6750000000000002,65,3,0.3458333333333333,0.6375,0.6541666666666667,0.3625,0.0
asymmetric_quality_path,0.7500000000000002,0.8000000000000003,0.7000000000000002,65,1,0.3104166666666667,0.6472222222222223,0.6895833333333333,0.3527777777777778,0.0
asymmetric_quality_path,0.7500000000000002,0.8000000000000003,0.7000000000000002,65,2,0.30416666666666664,0.6694444444444444,0.6958333333333333,0.33055555555555555,0.0
asymmetric_quality_path,0.7500000000000002,0.8000000000000003,0.7000000000000002,65,3,0.33541666666666664,0.6430555555555556,0.6645833333333333,0.35694444444444445,0.0
asymmetric_quality_path,0.7750000000000002,0.8250000000000003,0.7250000000000002,65,1,0.29375,0.6555555555555556,0.70625,0.34444444444444444,0.0
asymmetric_quality_path,0.7750000000000002,0.8250000000000003,0.7250000000000002,65,2,0.28541666666666665,0.6819444444444445,0.7145833333333333,0.31805555555555554,0.0
asymmetric_quality_path,0.7750000000000002,0.8250000000000003,0.7250000000000002,65,3,0.3104166666666667,0.6527777777777778,0.6895833333333333,0.3472222222222222,0.0
asymmetric_quality_path,0.8000000000000003,0.8500000000000003,0.7500000000000002,65,1,0.275,0.6680555555555555,0.725,0.33194444444444443,0.0
asymmetric_quality_path,0.8000000000000003,0.8500000000000003,0.7500000000000002,65,2,0.26666666666666666,0.6958333333333333,0.7333333333333333,0.30416666666666664,0.0
asymmetric_quality_path,0.8000000000000003,0.8500000000000003,0.7500000000000002,65,3,0.3,0.6569444444444444,0.7,0.34305555555555556,0.0
asymmetric_quality_path,0.8250000000000003,0.8750000000000003,0.7750000000000002,65,1,0.25,0.6847222222222222,0.75,0.31527777777777777,0.0
asymmetric_quality_path,0.8250000000000003,0.8750000000000003,0.7750000000000002,65,2,0.25,0.7069444444444445,0.75,0.29305555555555557,0.0
asymmetric_quality_path,0.8250000000000003,0.8750000000000003,0.7750000000000002,65,3,0.2875,0.6680555555555555,0.7125,0.33194444444444443,0.0
asymmetric_quality_path,0.8500000000000003,0.9000000000000004,0.8000000000000003,65,1,0.2375,0.6944444444444444,0.7625,0.3055555555555556,0.0
asymmetric_quality_path,0.8500000000000003,0.9000000000000004,0.8000000000000003,65,2,0.225,0.7194444444444444,0.775,0.28055555555555556,0.0
asymmetric_quality_path,0.8500000000000003,0.9000000000000004,0.8000000000000003,65,3,0.2604166666666667,0.6833333333333333,0.7395833333333334,0.31666666666666665,0.0
asymmetric_quality_path,0.8750000000000003,0.9250000000000004,0.8250000000000003,65,1,0.23541666666666666,0.6972222222222222,0.7645833333333333,0.30277777777777776,0.0
asymmetric_quality_path,0.8750000000000003,0.9250000000000004,0.8250000000000003,65,2,0.21666666666666667,0.7291666666666666,0.7833333333333333,0.2708333333333333,0.0
asymmetric_quality_path,0.8750000000000003,0.9250000000000004,0.8250000000000003,65,3,0.23958333333333334,0.6930555555555555,0.7604166666666666,0.30694444444444446,0.0
asymmetric_quality_path,0.9000000000000004,0.9500000000000004,0.8500000000000003,65,1,0.22708333333333333,0.7041666666666667,0.7729166666666667,0.29583333333333334,0.0
asymmetric_quality_path,0.9000000000000004,0.9500000000000004,0.8500000000000003,65,2,0.20208333333333334,0.7402777777777778,0.7979166666666667,0.25972222222222224,0.0
asymmetric_quality_path,0.9000000000000004,0.9500000000000004,0.8500000000000003,65,3,0.22916666666666666,0.7055555555555556,0.7708333333333334,0.29444444444444445,0.0
asymmetric_quality_path,0.5,0.55,0.45,70,1,0.4354166666666667,0.5291666666666667,0.5645833333333333,0.4708333333333333,0.0
asymmetric_quality_path,0.5,0.55,0.45,70,2,0.4354166666666667,0.5388888888888889,0.5645833333333333,0.46111111111111114,0.0
asymmetric_quality_path,0.5,0.55,0.45,70,3,0.42291666666666666,0.5541666666666667,0.5770833333333333,0.44583333333333336,0.0
asymmetric_quality_path,0.525,0.5750000000000001,0.47500000000000003,70,1,0.4270833333333333,0.5375,0.5729166666666666,0.4625,0.0
asymmetric_quality_path,0.525,0.5750000000000001,0.47500000000000003,70,2,0.41875,0.5513888888888889,0.58125,0.4486111111111111,0.0
asymmetric_quality_path,0.525,0.5750000000000001,0.47500000000000003,70,3,0.4041666666666667,0.5694444444444444,0.5958333333333333,0.4305555555555556,0.0
asymmetric_quality_path,0.55,0.6000000000000001,0.5,70,1,0.41041666666666665,0.5444444444444444,0.5895833333333333,0.45555555555555555,0.0
asymmetric_quality_path,0.55,0.6000000000000001,0.5,70,2,0.4,0.5597222222222222,0.6,0.44027777777777777,0.0
asymmetric_quality_path,0.55,0.6000000000000001,0.5,70,3,0.39791666666666664,0.5722222222222222,0.6020833333333333,0.42777777777777776,0.0
asymmetric_quality_path,0.5750000000000001,0.6250000000000001,0.525,70,1,0.38333333333333336,0.5611111111111111,0.6166666666666667,0.4388888888888889,0.0
asymmetric_quality_path,0.5750000000000001,0.6250000000000001,0.525,70,2,0.3854166666666667,0.5722222222222222,0.6145833333333334,0.42777777777777776,0.0
asymmetric_quality_path,0.5750000000000001,0.6250000000000001,0.525,70,3,0.39166666666666666,0.5763888888888888,0.6083333333333333,0.4236111111111111,0.0
asymmetric_quality_path,0.6000000000000001,0.6500000000000001,0.55,70,1,0.3645833333333333,0.575,0.6354166666666666,0.425,0.0
asymmetric_quality_path,0.6000000000000001,0.6500000000000001,0.55,70,2,0.36875,0.5819444444444445,0.63125,0.41805555555555557,0.0
asymmetric_quality_path,0.6000000000000001,0.6500000000000001,0.55,70,3,0.3729166666666667,0.5847222222222223,0.6270833333333333,0.4152777777777778,0.0
asymmetric_quality_path,0.6250000000000001,0.6750000000000002,0.5750000000000001,70,1,0.34791666666666665,0.5875,0.6520833333333333,0.4125,0.0
asymmetric_quality_path,0.6250000000000001,0.6750000000000002,0.5750000000000001,70,2,0.3541666666666667,0.5916666666666667,0.6458333333333334,0.4083333333333333,0.0
asymmetric_quality_path,0.6250000000000001,0.6750000000000002,0.5750000000000001,70,3,0.36041666666666666,0.5902777777777778,0.6395833333333333,0.4097222222222222,0.0
asymmetric_quality_path,0.6500000000000001,0.7000000000000002,0.6000000000000001,70,1,0.32916666666666666,0.5958333333333333,0.6708333333333333,0.4041666666666667,0.0
asymmetric_quality_path,0.6500000000000001,0.7000000000000002,0.6000000000000001,70,2,0.3375,0.6055555555555555,0.6625,0.39444444444444443,0.0
asymmetric_quality_path,0.6500000000000001,0.7000000000000002,0.6000000000000001,70,3,0.3541666666666667,0.5944444444444444,0.6458333333333334,0.40555555555555556,0.0
asymmetric_quality_path,0.6750000000000002,0.7250000000000002,0.6250000000000001,70,1,0.31875,0.6055555555555555,0.68125,0.39444444444444443,0.0
asymmetric_quality_path,0.6750000000000002,0.7250000000000002,0.6250000000000001,70,2,0.3125,0.6236111111111111,0.6875,0.3763888888888889,0.0
asymmetric_quality_path,0.6750000000000002,0.7250000000000002,0.6250000000000001,70,3,0.33958333333333335,0.6041666666666666,0.6604166666666667,0.3958333333333333,0.0
asymmetric_quality_path,0.7000000000000002,0.7500000000000002,0.6500000000000001,70,1,0.30416666666666664,0.6152777777777778,0.6958333333333333,0.38472222222222224,0.0
asymmetric_quality_path,0.7000000000000002,0.7500000000000002,0.6500000000000001,70,2,0.30416666666666664,0.6305555555555555,0.6958333333333333,0.36944444444444446,0.0
asymmetric_quality_path,0.7000000000000002,0.7500000000000002,0.6500000000000001,70,3,0.3104166666666667,0.6222222222222222,0.6895833333333333,0.37777777777777777,0.0
asymmetric_quality_path,0.7250000000000002,0.7750000000000002,0.6750000000000002,70,1,0.2916666666666667,0.6277777777777778,0.7083333333333334,0.37222222222222223,0.0
asymmetric_quality_path,0.7250000000000002,0.7750000000000002,0.6750000000000002,70,2,0.2875,0.6416666666666667,0.7125,0.35833333333333334,0.0
asymmetric_quality_path,0.7250000000000002,0.7750000000000002,0.6750000000000002,70,3,0.29583333333333334,0.6291666666666667,0.7041666666666667,0.37083333333333335,0.0
asymmetric_quality_path,0.7500000000000002,0.8000000000000003,0.7000000000000002,70,1,0.28125,0.6305555555555555,0.71875,0.36944444444444446,0.0
asymmetric_quality_path,0.7500000000000002,0.8000000000000003,0.7000000000000002,70,2,0.25833333333333336,0.6569444444444444,0.7416666666666667,0.34305555555555556,0.0
asymmetric_quality_path,0.7500000000000002,0.8000000000000003,0.7000000000000002,70,3,0.2875,0.6347222222222222,0.7125,0.36527777777777776,0.0
asymmetric_quality_path,0.7750000000000002,0.8250000000000003,0.7250000000000002,70,1,0.25625,0.6458333333333334,0.74375,0.3541666666666667,0.0
asymmetric_quality_path,0.7750000000000002,0.8250000000000003,0.7250000000000002,70,2,0.24375,0.6680555555555555,0.75625,0.33194444444444443,0.0
asymmetric_quality_path,0.7750000000000002,0.8250000000000003,0.7250000000000002,70,3,0.2625,0.6430555555555556,0.7375,0.35694444444444445,0.0
asymmetric_quality_path,0.8000000000000003,0.8500000000000003,0.7500000000000002,70,1,0.2375,0.6583333333333333,0.7625,0.3416666666666667,0.0
asymmetric_quality_path,0.8000000000000003,0.8500000000000003,0.7500000000000002,70,2,0.21875,0.6833333333333333,0.78125,0.31666666666666665,0.0
asymmetric_quality_path,0.8000000000000003,0.8500000000000003,0.7500000000000002,70,3,0.25416666666666665,0.6486111111111111,0.7458333333333333,0.35138888888888886,0.0
asymmetric_quality_path,0.8250000000000003,0.8750000000000003,0.7750000000000002,70,1,0.225,0.6680555555555555,0.775,0.33194444444444443,0.0
asymmetric_quality_path,0.8250000000000003,0.8750000000000003,0.7750000000000002,70,2,0.20625,0.6944444444444444,0.79375,0.3055555555555556,0.0
asymmetric_quality_path,0.8250000000000003,0.8750000000000003,0.7750000000000002,70,3,0.24166666666666667,0.6597222222222222,0.7583333333333333,0.3402777777777778,0.0
asymmetric_quality_path,0.8500000000000003,0.9000000000000004,0.8000000000000003,70,1,0.21041666666666667,0.6777777777777778,0.7895833333333333,0.32222222222222224,0.0
asymmetric_quality_path,0.8500000000000003,0.9000000000000004,0.8000000000000003,70,2,0.18541666666666667,0.7069444444444445,0.8145833333333333,0.29305555555555557,0.0
asymmetric_quality_path,0.8500000000000003,0.9000000000000004,0.8000000000000003,70,3,0.22708333333333333,0.6694444444444444,0.7729166666666667,0.33055555555555555,0.0
asymmetric_quality_path,0.8750000000000003,0.9250000000000004,0.8250000000000003,70,1,0.20625,0.6833333333333333,0.79375,0.31666666666666665,0.0
asymmetric_quality_path,0.8750000000000003,0.9250000000000004,0.8250000000000003,70,2,0.17708333333333334,0.7166666666666667,0.8229166666666666,0.2833333333333333,0.0
asymmetric_quality_path,0.8750000000000003,0.9250000000000004,0.8250000000000003,70,3,0.20625,0.6805555555555556,0.79375,0.3194444444444444,0.0
asymmetric_quality_path,0.9000000000000004,0.9500000000000004,0.8500000000000003,70,1,0.18541666666666667,0.6958333333333333,0.8145833333333333,0.30416666666666664,0.0
asymmetric_quality_path,0.9000000000000004,0.9500000000000004,0.8500000000000003,70,2,0.16666666666666666,0.7263888888888889,0.8333333333333334,0.27361111111111114,0.0
asymmetric_quality_path,0.9000000000000004,0.9500000000000004,0.8500000000000003,70,3,0.19791666666666666,0.6902777777777778,0.8020833333333334,0.30972222222222223,0.0
asymmetric_quality_path,0.5,0.55,0.45,75,1,0.41875,0.5055555555555555,0.58125,0.49444444444444446,0.0
asymmetric_quality_path,0.5,0.55,0.45,75,2,0.40625,0.5208333333333334,0.59375,0.4791666666666667,0.0
asymmetric_quality_path,0.5,0.55,0.45,75,3,0.39166666666666666,0.5416666666666666,0.6083333333333333,0.4583333333333333,0.0
asymmetric_quality_path,0.525,0.5750000000000001,0.47500000000000003,75,1,0.4083333333333333,0.5152777777777777,0.5916666666666667,0.4847222222222222,0.0
asymmetric_quality_path,0.525,0.5750000000000001,0.47500000000000003,75,2,0.38958333333333334,0.5305555555555556,0.6104166666666667,0.46944444444444444,0.0
asymmetric_quality_path,0.525,0.5750000000000001,0.47500000000000003,75,3,0.37083333333333335,0.5555555555555556,0.6291666666666667,0.4444444444444444,0.0
asymmetric_quality_path,0.55,0.6000000000000001,0.5,75,1,0.3875,0.5236111111111111,0.6125,0.47638888888888886,0.0
asymmetric_quality_path,0.55,0.6000000000000001,0.5,75,2,0.36875,0.5416666666666666,0.63125,0.4583333333333333,0.0
asymmetric_quality_path,0.55,0.6000000000000001,0.5,75,3,0.36666666666666664,0.5583333333333333,0.6333333333333333,0.44166666666666665,0.0
asymmetric_quality_path,0.5750000000000001,0.6250000000000001,0.525,75,1,0.3645833333333333,0.5375,0.6354166666666666,0.4625,0.0
asymmetric_quality_path,0.5750000000000001,0.6250000000000001,0.525,75,2,0.35208333333333336,0.5541666666666667,0.6479166666666667,0.44583333333333336,0.0
asymmetric_quality_path,0.5750000000000001,0.6250000000000001,0.525,75,3,0.35625,0.5652777777777778,0.64375,0.43472222222222223,0.0
asymmetric_quality_path,0.6000000000000001,0.6500000000000001,0.55,75,1,0.34791666666666665,0.5513888888888889,0.6520833333333333,0.4486111111111111,0.0
asymmetric_quality_path,0.6000000000000001,0.6500000000000001,0.55,75,2,0.32916666666666666,0.5694444444444444,0.6708333333333333,0.4305555555555556,0.0
asymmetric_quality_path,0.6000000000000001,0.6500000000000001,0.55,75,3,0.3375,0.5722222222222222,0.6625,0.42777777777777776,0.0
asymmetric_quality_path,0.6250000000000001,0.6750000000000002,0.5750000000000001,75,1,0.33125,0.5652777777777778,0.66875,0.43472222222222223,0.0
asymmetric_quality_path,0.6250000000000001,0.6750000000000002,0.5750000000000001,75,2,0.31666666666666665,0.5791666666666667,0.6833333333333333,0.42083333333333334,0.0
asymmetric_quality_path,0.6250000000000001,0.6750000000000002,0.5750000000000001,75,3,0.3229166666666667,0.5805555555555556,0.6770833333333334,0.41944444444444445,0.0
asymmetric_quality_path,0.6500000000000001,0.7000000000000002,0.6000000000000001,75,1,0.3125,0.5722222222222222,0.6875,0.42777777777777776,0.0
asymmetric_quality_path,0.6500000000000001,0.7000000000000002,0.6000000000000001,75,2,0.3020833333333333,0.5916666666666667,0.6979166666666666,0.4083333333333333,0.0
asymmetric_quality_path,0.6500000000000001,0.7000000000000002,0.6000000000000001,75,3,0.31875,0.5847222222222223,0.68125,0.4152777777777778,0.0
asymmetric_quality_path,0.6750000000000002,0.7250000000000002,0.6250000000000001,75,1,0.3020833333333333,0.5819444444444445,0.6979166666666666,0.41805555555555557,0.0
asymmetric_quality_path,0.6750000000000002,0.7250000000000002,0.6250000000000001,75,2,0.28541666666666665,0.6069444444444444,0.7145833333333333,0.39305555555555555,0.0
asymmetric_quality_path,0.6750000000000002,0.7250000000000002,0.6250000000000001,75,3,0.3020833333333333,0.5958333333333333,0.6979166666666666,0.4041666666666667,0.0
asymmetric_quality_path,0.7000000000000002,0.7500000000000002,0.6500000000000001,75,1,0.2875,0.5902777777777778,0.7125,0.4097222222222222,0.0
asymmetric_quality_path,0.7000000000000002,0.7500000000000002,0.6500000000000001,75,2,0.28125,0.6097222222222223,0.71875,0.3902777777777778,0.0
asymmetric_quality_path,0.7000000000000002,0.7500000000000002,0.6500000000000001,75,3,0.275,0.6125,0.725,0.3875,0.0
asymmetric_quality_path,0.7250000000000002,0.7750000000000002,0.6750000000000002,75,1,0.2708333333333333,0.6013888888888889,0.7291666666666666,0.39861111111111114,0.0
asymmetric_quality_path,0.7250000000000002,0.7750000000000002,0.6750000000000002,75,2,0.26458333333333334,0.6194444444444445,0.7354166666666667,0.38055555555555554,0.0
asymmetric_quality_path,0.7250000000000002,0.7750000000000002,0.6750000000000002,75,3,0.2604166666666667,0.6222222222222222,0.7395833333333334,0.37777777777777777,0.0
asymmetric_quality_path,0.7500000000000002,0.8000000000000003,0.7000000000000002,75,1,0.25833333333333336,0.6083333333333333,0.7416666666666667,0.39166666666666666,0.0
asymmetric_quality_path,0.7500000000000002,0.8000000000000003,0.7000000000000002,75,2,0.24375,0.6277777777777778,0.75625,0.37222222222222223,0.0
asymmetric_quality_path,0.7500000000000002,0.8000000000000003,0.7000000000000002,75,3,0.25,0.6277777777777778,0.75,0.37222222222222223,0.0
asymmetric_quality_path,0.7750000000000002,0.8250000000000003,0.7250000000000002,75,1,0.23541666666666666,0.6236111111111111,0.7645833333333333,0.3763888888888889,0.0
asymmetric_quality_path,0.7750000000000002,0.8250000000000003,0.7250000000000002,75,2,0.22291666666666668,0.6444444444444445,0.7770833333333333,0.35555555555555557,0.0
asymmetric_quality_path,0.7750000000000002,0.8250000000000003,0.7250000000000002,75,3,0.22708333333333333,0.6361111111111111,0.7729166666666667,0.3638888888888889,0.0
asymmetric_quality_path,0.8000000000000003,0.8500000000000003,0.7500000000000002,75,1,0.21875,0.6347222222222222,0.78125,0.36527777777777776,0.0
asymmetric_quality_path,0.8000000000000003,0.8500000000000003,0.7500000000000002,75,2,0.20208333333333334,0.6583333333333333,0.7979166666666667,0.3416666666666667,0.0
asymmetric_quality_path,0.8000000000000003,0.8500000000000003,0.7500000000000002,75,3,0.21875,0.6388888888888888,0.78125,0.3611111111111111,0.0
asymmetric_quality_path,0.8250000000000003,0.8750000000000003,0.7750000000000002,75,1,0.20833333333333334,0.6430555555555556,0.7916666666666666,0.35694444444444445,0.0
asymmetric_quality_path,0.8250000000000003,0.8750000000000003,0.7750000000000002,75,2,0.1875,0.6708333333333333,0.8125,0.32916666666666666,0.0
asymmetric_quality_path,0.8250000000000003,0.8750000000000003,0.7750000000000002,75,3,0.20833333333333334,0.65,0.7916666666666666,0.35,0.0
asymmetric_quality_path,0.8500000000000003,0.9000000000000004,0.8000000000000003,75,1,0.19166666666666668,0.6569444444444444,0.8083333333333333,0.34305555555555556,0.0
asymmetric_quality_path,0.8500000000000003,0.9000000000000004,0.8000000000000003,75,2,0.1625,0.6875,0.8375,0.3125,0.0
asymmetric_quality_path,0.8500000000000003,0.9000000000000004,0.8000000000000003,75,3,0.1875,0.6625,0.8125,0.3375,0.0
asymmetric_quality_path,0.8750000000000003,0.9250000000000004,0.8250000000000003,75,1,0.175,0.6680555555555555,0.825,0.33194444444444443,0.0
asymmetric_quality_path,0.8750000000000003,0.9250000000000004,0.8250000000000003,75,2,0.15208333333333332,0.6944444444444444,0.8479166666666667,0.3055555555555556,0.0
asymmetric_quality_path,0.8750000000000003,0.9250000000000004,0.8250000000000003,75,3,0.16666666666666666,0.675,0.8333333333333334,0.325,0.0
asymmetric_quality_path,0.9000000000000004,0.9500000000000004,0.8500000000000003,75,1,0.16666666666666666,0.675,0.8333333333333334,0.325,0.0
asymmetric_quality_path,0.9000000000000004,0.9500000000000004,0.8500000000000003,75,2,0.13958333333333334,0.7083333333333334,0.8604166666666667,0.2916666666666667,0.0
asymmetric_quality_path,0.9000000000000004,0.9500000000000004,0.8500000000000003,75,3,0.15416666666666667,0.6861111111111111,0.8458333333333333,0.3138888888888889,0.0
asymmetric_quality_path,0.5,0.55,0.45,80,1,0.4,0.4791666666666667,0.6,0.5208333333333334,0.0
asymmetric_quality_path,0.5,0.55,0.45,80,2,0.39791666666666664,0.4888888888888889,0.6020833333333333,0.5111111111111111,0.0
asymmetric_quality_path,0.5,0.55,0.45,80,3,0.35,0.5291666666666667,0.65,0.4708333333333333,0.0
asymmetric_quality_path,0.525,0.5750000000000001,0.47500000000000003,80,1,0.38958333333333334,0.4875,0.6104166666666667,0.5125,0.0
asymmetric_quality_path,0.525,0.5750000000000001,0.47500000000000003,80,2,0.3770833333333333,0.5013888888888889,0.6229166666666667,0.4986111111111111,0.0
asymmetric_quality_path,0.525,0.5750000000000001,0.47500000000000003,80,3,0.32916666666666666,0.5430555555555555,0.6708333333333333,0.45694444444444443,0.0
asymmetric_quality_path,0.55,0.6000000000000001,0.5,80,1,0.36875,0.49722222222222223,0.63125,0.5027777777777778,0.0
asymmetric_quality_path,0.55,0.6000000000000001,0.5,80,2,0.35833333333333334,0.5111111111111111,0.6416666666666667,0.4888888888888889,0.0
asymmetric_quality_path,0.55,0.6000000000000001,0.5,80,3,0.32083333333333336,0.5486111111111112,0.6791666666666667,0.4513888888888889,0.0
asymmetric_quality_path,0.5750000000000001,0.6250000000000001,0.525,80,1,0.3458333333333333,0.5125,0.6541666666666667,0.4875,0.0
asymmetric_quality_path,0.5750000000000001,0.6250000000000001,0.525,80,2,0.34375,0.5236111111111111,0.65625,0.47638888888888886,0.0
asymmetric_quality_path,0.5750000000000001,0.6250000000000001,0.525,80,3,0.3145833333333333,0.5541666666666667,0.6854166666666667,0.44583333333333336,0.0
asymmetric_quality_path,0.6000000000000001,0.6500000000000001,0.55,80,1,0.33125,0.5236111111111111,0.66875,0.47638888888888886,0.0
asymmetric_quality_path,0.6000000000000001,0.6500000000000001,0.55,80,2,0.31875,0.5402777777777777,0.68125,0.4597222222222222,0.0
asymmetric_quality_path,0.6000000000000001,0.6500000000000001,0.55,80,3,0.29791666666666666,0.5611111111111111,0.7020833333333333,0.4388888888888889,0.0
asymmetric_quality_path,0.6250000000000001,0.6750000000000002,0.5750000000000001,80,1,0.31666666666666665,0.5375,0.6833333333333333,0.4625,0.0
asymmetric_quality_path,0.6250000000000001,0.6750000000000002,0.5750000000000001,80,2,0.30625,0.55,0.69375,0.45,0.0
asymmetric_quality_path,0.6250000000000001,0.6750000000000002,0.5750000000000001,80,3,0.28541666666666665,0.5694444444444444,0.7145833333333333,0.4305555555555556,0.0
asymmetric_quality_path,0.6500000000000001,0.7000000000000002,0.6000000000000001,80,1,0.3020833333333333,0.5430555555555555,0.6979166666666666,0.45694444444444443,0.0
asymmetric_quality_path,0.6500000000000001,0.7000000000000002,0.6000000000000001,80,2,0.28958333333333336,0.5611111111111111,0.7104166666666667,0.4388888888888889,0.0
asymmetric_quality_path,0.6500000000000001,0.7000000000000002,0.6000000000000001,80,3,0.2791666666666667,0.5736111111111111,0.7208333333333333,0.4263888888888889,0.0
asymmetric_quality_path,0.6750000000000002,0.7250000000000002,0.6250000000000001,80,1,0.28958333333333336,0.5527777777777778,0.7104166666666667,0.44722222222222224,0.0
asymmetric_quality_path,0.6750000000000002,0.7250000000000002,0.6250000000000001,80,2,0.2708333333333333,0.5736111111111111,0.7291666666666666,0.4263888888888889,0.0
asymmetric_quality_path,0.6750000000000002,0.7250000000000002,0.6250000000000001,80,3,0.26666666666666666,0.5833333333333334,0.7333333333333333,0.4166666666666667,0.0
asymmetric_quality_path,0.7000000000000002,0.7500000000000002,0.6500000000000001,80,1,0.27291666666666664,0.5611111111111111,0.7270833333333333,0.4388888888888889,0.0
asymmetric_quality_path,0.7000000000000002,0.7500000000000002,0.6500000000000001,80,2,0.2625,0.5791666666666667,0.7375,0.42083333333333334,0.0
asymmetric_quality_path,0.7000000000000002,0.7500000000000002,0.6500000000000001,80,3,0.24166666666666667,0.5986111111111111,0.7583333333333333,0.4013888888888889,0.0
asymmetric_quality_path,0.7250000000000002,0.7750000000000002,0.6750000000000002,80,1,0.2625,0.5722222222222222,0.7375,0.42777777777777776,0.0
asymmetric_quality_path,0.7250000000000002,0.7750000000000002,0.6750000000000002,80,2,0.25625,0.5833333333333334,0.74375,0.4166666666666667,0.0
asymmetric_quality_path,0.7250000000000002,0.7750000000000002,0.6750000000000002,80,3,0.22291666666666668,0.6097222222222223,0.7770833333333333,0.3902777777777778,0.0
asymmetric_quality_path,0.7500000000000002,0.8000000000000003,0.7000000000000002,80,1,0.24791666666666667,0.5777777777777777,0.7520833333333333,0.4222222222222222,0.0
asymmetric_quality_path,0.7500000000000002,0.8000000000000003,0.7000000000000002,80,2,0.2375,0.5888888888888889,0.7625,0.4111111111111111,0.0
asymmetric_quality_path,0.7500000000000002,0.8000000000000003,0.7000000000000002,80,3,0.21666666666666667,0.6138888888888889,0.7833333333333333,0.3861111111111111,0.0
asymmetric_quality_path,0.7750000000000002,0.8250000000000003,0.7250000000000002,80,1,0.21875,0.5972222222222222,0.78125,0.4027777777777778,0.0
asymmetric_quality_path,0.7750000000000002,0.8250000000000003,0.7250000000000002,80,2,0.21875,0.6041666666666666,0.78125,0.3958333333333333,0.0
asymmetric_quality_path,0.7750000000000002,0.8250000000000003,0.7250000000000002,80,3,0.18958333333333333,0.625,0.8104166666666667,0.375,0.0
asymmetric_quality_path,0.8000000000000003,0.8500000000000003,0.7500000000000002,80,1,0.21041666666666667,0.6041666666666666,0.7895833333333333,0.3958333333333333,0.0
asymmetric_quality_path,0.8000000000000003,0.8500000000000003,0.7500000000000002,80,2,0.19583333333333333,0.6194444444444445,0.8041666666666667,0.38055555555555554,0.0
asymmetric_quality_path,0.8000000000000003,0.8500000000000003,0.7500000000000002,80,3,0.18125,0.6291666666666667,0.81875,0.37083333333333335,0.0
asymmetric_quality_path,0.8250000000000003,0.8750000000000003,0.7750000000000002,80,1,0.2,0.6125,0.8,0.3875,0.0
asymmetric_quality_path,0.8250000000000003,0.8750000000000003,0.7750000000000002,80,2,0.18125,0.6333333333333333,0.81875,0.36666666666666664,0.0
asymmetric_quality_path,0.8250000000000003,0.8750000000000003,0.7750000000000002,80,3,0.17291666666666666,0.6375,0.8270833333333333,0.3625,0.0
asymmetric_quality_path,0.8500000000000003,0.9000000000000004,0.8000000000000003,80,1,0.18125,0.625,0.81875,0.375,0.0
asymmetric_quality_path,0.8500000000000003,0.9000000000000004,0.8000000000000003,80,2,0.15625,0.6513888888888889,0.84375,0.3486111111111111,0.0
asymmetric_quality_path,0.8500000000000003,0.9000000000000004,0.8000000000000003,80,3,0.15416666666666667,0.6527777777777778,0.8458333333333333,0.3472222222222222,0.0
asymmetric_quality_path,0.8750000000000003,0.9250000000000004,0.8250000000000003,80,1,0.16041666666666668,0.6375,0.8395833333333333,0.3625,0.0
asymmetric_quality_path,0.8750000000000003,0.9250000000000004,0.8250000000000003,80,2,0.13958333333333334,0.6652777777777777,0.8604166666666667,0.3347222222222222,0.0
asymmetric_quality_path,0.8750000000000003,0.9250000000000004,0.8250000000000003,80,3,0.13333333333333333,0.6666666666666666,0.8666666666666667,0.3333333333333333,0.0
asymmetric_quality_path,0.9000000000000004,0.9500000000000004,0.8500000000000003,80,1,0.15208333333333332,0.6458333333333334,0.8479166666666667,0.3541666666666667,0.0
asymmetric_quality_path,0.9000000000000004,0.9500000000000004,0.8500000000000003,80,2,0.12708333333333333,0.6777777777777778,0.8729166666666667,0.32222222222222224,0.0
asymmetric_quality_path,0.9000000000000004,0.9500000000000004,0.8500000000000003,80,3,0.125,0.6736111111111112,0.875,0.3263888888888889,0.0
asymmetric_quality_path,0.5,0.55,0.45,85,1,0.39166666666666666,0.45,0.6083333333333333,0.55,0.0
asymmetric_quality_path,0.5,0.55,0.45,85,2,0.38333333333333336,0.46111111111111114,0.6166666666666667,0.5388888888888889,0.0
asymmetric_quality_path,0.5,0.55,0.45,85,3,0.33958333333333335,0.5027777777777778,0.6604166666666667,0.49722222222222223,0.0
asymmetric_quality_path,0.525,0.5750000000000001,0.47500000000000003,85,1,0.38333333333333336,0.45416666666666666,0.6166666666666667,0.5458333333333333,0.0
asymmetric_quality_path,0.525,0.5750000000000001,0.47500000000000003,85,2,0.36041666666666666,0.475,0.6395833333333333,0.525,0.0
asymmetric_quality_path,0.525,0.5750000000000001,0.47500000000000003,85,3,0.31875,0.5138888888888888,0.68125,0.4861111111111111,0.0
asymmetric_quality_path,0.55,0.6000000000000001,0.5,85,1,0.36041666666666666,0.4666666666666667,0.6395833333333333,0.5333333333333333,0.0
asymmetric_quality_path,0.55,0.6000000000000001,0.5,85,2,0.3416666666666667,0.48333333333333334,0.6583333333333333,0.5166666666666667,0.0
asymmetric_quality_path,0.55,0.6000000000000001,0.5,85,3,0.30416666666666664,0.5222222222222223,0.6958333333333333,0.4777777777777778,0.0
asymmetric_quality_path,0.5750000000000001,0.6250000000000001,0.525,85,1,0.3333333333333333,0.4861111111111111,0.6666666666666666,0.5138888888888888,0.0
asymmetric_quality_path,0.5750000000000001,0.6250000000000001,0.525,85,2,0.32916666666666666,0.49444444444444446,0.6708333333333333,0.5055555555555555,0.0
asymmetric_quality_path,0.5750000000000001,0.6250000000000001,0.525,85,3,0.29583333333333334,0.5291666666666667,0.7041666666666667,0.4708333333333333,0.0
asymmetric_quality_path,0.6000000000000001,0.6500000000000001,0.55,85,1,0.31875,0.4986111111111111,0.68125,0.5013888888888889,0.0
asymmetric_quality_path,0.6000000000000001,0.6500000000000001,0.55,85,2,0.30625,0.5111111111111111,0.69375,0.4888888888888889,0.0
asymmetric_quality_path,0.6000000000000001,0.6500000000000001,0.55,85,3,0.28125,0.5347222222222222,0.71875,0.4652777777777778,0.0
asymmetric_quality_path,0.6250000000000001,0.6750000000000002,0.5750000000000001,85,1,0.3,0.5138888888888888,0.7,0.4861111111111111,0.0
asymmetric_quality_path,0.6250000000000001,0.6750000000000002,0.5750000000000001,85,2,0.29583333333333334,0.5194444444444445,0.7041666666666667,0.48055555555555557,0.0
asymmetric_quality_path,0.6250000000000001,0.6750000000000002,0.5750000000000001,85,3,0.2625,0.5458333333333333,0.7375,0.45416666666666666,0.0
asymmetric_quality_path,0.6500000000000001,0.7000000000000002,0.6000000000000001,85,1,0.28541666666666665,0.5208333333333334,0.7145833333333333,0.4791666666666667,0.0
asymmetric_quality_path,0.6500000000000001,0.7000000000000002,0.6000000000000001,85,2,0.28125,0.5305555555555556,0.71875,0.46944444444444444,0.0
asymmetric_quality_path,0.6500000000000001,0.7000000000000002,0.6000000000000001,85,3,0.24791666666666667,0.5541666666666667,0.7520833333333333,0.44583333333333336,0.0
asymmetric_quality_path,0.6750000000000002,0.7250000000000002,0.6250000000000001,85,1,0.27708333333333335,0.5291666666666667,0.7229166666666667,0.4708333333333333,0.0
asymmetric_quality_path,0.6750000000000002,0.7250000000000002,0.6250000000000001,85,2,0.26875,0.5375,0.73125,0.4625,0.0
asymmetric_quality_path,0.6750000000000002,0.7250000000000002,0.6250000000000001,85,3,0.2375,0.5625,0.7625,0.4375,0.0
asymmetric_quality_path,0.7000000000000002,0.7500000000000002,0.6500000000000001,85,1,0.2604166666666667,0.5375,0.7395833333333334,0.4625,0.0
asymmetric_quality_path,0.7000000000000002,0.7500000000000002,0.6500000000000001,85,2,0.2604166666666667,0.5430555555555555,0.7395833333333334,0.45694444444444443,0.0
asymmetric_quality_path,0.7000000000000002,0.7500000000000002,0.6500000000000001,85,3,0.22083333333333333,0.575,0.7791666666666667,0.425,0.0
asymmetric_quality_path,0.7250000000000002,0.7750000000000002,0.6750000000000002,85,1,0.25,0.5513888888888889,0.75,0.4486111111111111,0.0
asymmetric_quality_path,0.7250000000000002,0.7750000000000002,0.6750000000000002,85,2,0.24791666666666667,0.5513888888888889,0.7520833333333333,0.4486111111111111,0.0
asymmetric_quality_path,0.7250000000000002,0.7750000000000002,0.6750000000000002,85,3,0.2125,0.5805555555555556,0.7875,0.41944444444444445,0.0
asymmetric_quality_path,0.7500000000000002,0.8000000000000003,0.7000000000000002,85,1,0.2375,0.5569444444444445,0.7625,0.44305555555555554,0.0
asymmetric_quality_path,0.7500000000000002,0.8000000000000003,0.7000000000000002,85,2,0.22083333333333333,0.5652777777777778,0.7791666666666667,0.43472222222222223,0.0
asymmetric_quality_path,0.7500000000000002,0.8000000000000003,0.7000000000000002,85,3,0.19583333333333333,0.5902777777777778,0.8041666666666667,0.4097222222222222,0.0
asymmetric_quality_path,0.7750000000000002,0.8250000000000003,0.7250000000000002,85,1,0.21041666666666667,0.5708333333333333,0.7895833333333333,0.42916666666666664,0.0
asymmetric_quality_path,0.7750000000000002,0.8250000000000003,0.7250000000000002,85,2,0.20208333333333334,0.5819444444444445,0.7979166666666667,0.41805555555555557,0.0
asymmetric_quality_path,0.7750000000000002,0.8250000000000003,0.7250000000000002,85,3,0.17083333333333334,0.6027777777777777,0.8291666666666667,0.3972222222222222,0.0
asymmetric_quality_path,0.8000000000000003,0.8500000000000003,0.7500000000000002,85,1,0.19791666666666666,0.5819444444444445,0.8020833333333334,0.41805555555555557,0.0
asymmetric_quality_path,0.8000000000000003,0.8500000000000003,0.7500000000000002,85,2,0.18125,0.5958333333333333,0.81875,0.4041666666666667,0.0
asymmetric_quality_path,0.8000000000000003,0.8500000000000003,0.7500000000000002,85,3,0.1625,0.6083333333333333,0.8375,0.39166666666666666,0.0
asymmetric_quality_path,0.8250000000000003,0.8750000000000003,0.7750000000000002,85,1,0.18541666666666667,0.5875,0.8145833333333333,0.4125,0.0
asymmetric_quality_path,0.8250000000000003,0.8750000000000003,0.7750000000000002,85,2,0.16875,0.6055555555555555,0.83125,0.39444444444444443,0.0
asymmetric_quality_path,0.8250000000000003,0.8750000000000003,0.7750000000000002,85,3,0.15208333333333332,0.6166666666666667,0.8479166666666667,0.38333333333333336,0.0
asymmetric_quality_path,0.8500000000000003,0.9000000000000004,0.8000000000000003,85,1,0.16458333333333333,0.6,0.8354166666666667,0.4,0.0
asymmetric_quality_path,0.8500000000000003,0.9000000000000004,0.8000000000000003,85,2,0.14583333333333334,0.6222222222222222,0.8541666666666666,0.37777777777777777,0.0
asymmetric_quality_path,0.8500000000000003,0.9000000000000004,0.8000000000000003,85,3,0.13958333333333334,0.6291666666666667,0.8604166666666667,0.37083333333333335,0.0
asymmetric_quality_path,0.8750000000000003,0.9250000000000004,0.8250000000000003,85,1,0.15208333333333332,0.6097222222222223,0.8479166666666667,0.3902777777777778,0.0
asymmetric_quality_path,0.8750000000000003,0.9250000000000004,0.8250000000000003,85,2,0.13541666666666666,0.6333333333333333,0.8645833333333334,0.36666666666666664,0.0
asymmetric_quality_path,0.8750000000000003,0.9250000000000004,0.8250000000000003,85,3,0.1125,0.6444444444444445,0.8875,0.35555555555555557,0.0
asymmetric_quality_path,0.9000000000000004,0.9500000000000004,0.8500000000000003,85,1,0.14375,0.6180555555555556,0.85625,0.3819444444444444,0.0
asymmetric_quality_path,0.9000000000000004,0.9500000000000004,0.8500000000000003,85,2,0.11458333333333333,0.6486111111111111,0.8854166666666666,0.35138888888888886,0.0
asymmetric_quality_path,0.9000000000000004,0.9500000000000004,0.8500000000000003,85,3,0.10208333333333333,0.6541666666666667,0.8979166666666667,0.3458333333333333,0.0
asymmetric_quality_path,0.5,0.55,0.45,90,1,0.37083333333333335,0.43472222222222223,0.6291666666666667,0.5652777777777778,0.0
asymmetric_quality_path,0.5,0.55,0.45,90,2,0.36875,0.43333333333333335,0.63125,0.5666666666666667,0.0
asymmetric_quality_path,0.5,0.55,0.45,90,3,0.3229166666666667,0.4777777777777778,0.6770833333333334,0.5222222222222223,0.0
asymmetric_quality_path,0.525,0.5750000000000001,0.47500000000000003,90,1,0.35833333333333334,0.44166666666666665,0.6416666666666667,0.5583333333333333,0.0
asymmetric_quality_path,0.525,0.5750000000000001,0.47500000000000003,90,2,0.3458333333333333,0.44583333333333336,0.6541666666666667,0.5541666666666667,0.0
asymmetric_quality_path,0.525,0.5750000000000001,0.47500000000000003,90,3,0.30416666666666664,0.4888888888888889,0.6958333333333333,0.5111111111111111,0.0
asymmetric_quality_path,0.55,0.6000000000000001,0.5,90,1,0.33958333333333335,0.4513888888888889,0.6604166666666667,0.5486111111111112,0.0
asymmetric_quality_path,0.55,0.6000000000000001,0.5,90,2,0.33125,0.45694444444444443,0.66875,0.5430555555555555,0.0
asymmetric_quality_path,0.55,0.6000000000000001,0.5,90,3,0.28958333333333336,0.49722222222222223,0.7104166666666667,0.5027777777777778,0.0
asymmetric_quality_path,0.5750000000000001,0.6250000000000001,0.525,90,1,0.31666666666666665,0.46805555555555556,0.6833333333333333,0.5319444444444444,0.0
asymmetric_quality_path,0.5750000000000001,0.6250000000000001,0.525,90,2,0.3145833333333333,0.4666666666666667,0.6854166666666667,0.5333333333333333,0.0
asymmetric_quality_path,0.5750000000000001,0.6250000000000001,0.525,90,3,0.28125,0.5041666666666667,0.71875,0.49583333333333335,0.0
asymmetric_quality_path,0.6000000000000001,0.6500000000000001,0.55,90,1,0.30833333333333335,0.4777777777777778,0.6916666666666667,0.5222222222222223,0.0
asymmetric_quality_path,0.6000000000000001,0.6500000000000001,0.55,90,2,0.29791666666666666,0.4777777777777778,0.7020833333333333,0.5222222222222223,0.0
asymmetric_quality_path,0.6000000000000001,0.6500000000000001,0.55,90,3,0.26666666666666666,0.5111111111111111,0.7333333333333333,0.4888888888888889,0.0
asymmetric_quality_path,0.6250000000000001,0.6750000000000002,0.5750000000000001,90,1,0.29375,0.4930555555555556,0.70625,0.5069444444444444,0.0
asymmetric_quality_path,0.6250000000000001,0.6750000000000002,0.5750000000000001,90,2,0.28125,0.4930555555555556,0.71875,0.5069444444444444,0.0
asymmetric_quality_path,0.6250000000000001,0.6750000000000002,0.5750000000000001,90,3,0.24583333333333332,0.5208333333333334,0.7541666666666667,0.4791666666666667,0.0
asymmetric_quality_path,0.6500000000000001,0.7000000000000002,0.6000000000000001,90,1,0.2791666666666667,0.4986111111111111,0.7208333333333333,0.5013888888888889,0.0
asymmetric_quality_path,0.6500000000000001,0.7000000000000002,0.6000000000000001,90,2,0.26666666666666666,0.5055555555555555,0.7333333333333333,0.49444444444444446,0.0
asymmetric_quality_path,0.6500000000000001,0.7000000000000002,0.6000000000000001,90,3,0.23333333333333334,0.5291666666666667,0.7666666666666667,0.4708333333333333,0.0
asymmetric_quality_path,0.6750000000000002,0.7250000000000002,0.6250000000000001,90,1,0.2708333333333333,0.5041666666666667,0.7291666666666666,0.49583333333333335,0.0
asymmetric_quality_path,0.6750000000000002,0.7250000000000002,0.6250000000000001,90,2,0.24166666666666667,0.5236111111111111,0.7583333333333333,0.47638888888888886,0.0
asymmetric_quality_path,0.6750000000000002,0.7250000000000002,0.6250000000000001,90,3,0.225,0.5430555555555555,0.775,0.45694444444444443,0.0
asymmetric_quality_path,0.7000000000000002,0.7500000000000002,0.6500000000000001,90,1,0.25416666666666665,0.5111111111111111,0.7458333333333333,0.4888888888888889,0.0
asymmetric_quality_path,0.7000000000000002,0.7500000000000002,0.6500000000000001,90,2,0.23541666666666666,0.5263888888888889,0.7645833333333333,0.4736111111111111,0.0
asymmetric_quality_path,0.7000000000000002,0.7500000000000002,0.6500000000000001,90,3,0.21041666666666667,0.5541666666666667,0.7895833333333333,0.44583333333333336,0.0
asymmetric_quality_path,0.7250000000000002,0.7750000000000002,0.6750000000000002,90,1,0.24166666666666667,0.5236111111111111,0.7583333333333333,0.47638888888888886,0.0
asymmetric_quality_path,0.7250000000000002,0.7750000000000002,0.6750000000000002,90,2,0.225,0.5361111111111111,0.775,0.4638888888888889,0.0
asymmetric_quality_path,0.7250000000000002,0.7750000000000002,0.6750000000000002,90,3,0.2,0.5597222222222222,0.8,0.44027777777777777,0.0
asymmetric_quality_path,0.7500000000000002,0.8000000000000003,0.7000000000000002,90,1,0.22916666666666666,0.5277777777777778,0.7708333333333334,0.4722222222222222,0.0
asymmetric_quality_path,0.7500000000000002,0.8000000000000003,0.7000000000000002,90,2,0.20416666666666666,0.5472222222222223,0.7958333333333333,0.4527777777777778,0.0
asymmetric_quality_path,0.7500000000000002,0.8000000000000003,0.7000000000000002,90,3,0.18333333333333332,0.5708333333333333,0.8166666666666667,0.42916666666666664,0.0
asymmetric_quality_path,0.7750000000000002,0.8250000000000003,0.7250000000000002,90,1,0.2,0.5444444444444444,0.8,0.45555555555555555,0.0
asymmetric_quality_path,0.7750000000000002,0.8250000000000003,0.7250000000000002,90,2,0.18958333333333333,0.5625,0.8104166666666667,0.4375,0.0
asymmetric_quality_path,0.7750000000000002,0.8250000000000003,0.7250000000000002,90,3,0.16666666666666666,0.5763888888888888,0.8333333333333334,0.4236111111111111,0.0
asymmetric_quality_path,0.8000000000000003,0.8500000000000003,0.7500000000000002,90,1,0.18958333333333333,0.5527777777777778,0.8104166666666667,0.44722222222222224,0.0
asymmetric_quality_path,0.8000000000000003,0.8500000000000003,0.7500000000000002,90,2,0.17291666666666666,0.5736111111111111,0.8270833333333333,0.4263888888888889,0.0
asymmetric_quality_path,0.8000000000000003,0.8500000000000003,0.7500000000000002,90,3,0.15833333333333333,0.5861111111111111,0.8416666666666667,0.41388888888888886,0.0
asymmetric_quality_path,0.8250000000000003,0.8750000000000003,0.7750000000000002,90,1,0.18333333333333332,0.5541666666666667,0.8166666666666667,0.44583333333333336,0.0
asymmetric_quality_path,0.8250000000000003,0.8750000000000003,0.7750000000000002,90,2,0.16458333333333333,0.5833333333333334,0.8354166666666667,0.4166666666666667,0.0
asymmetric_quality_path,0.8250000000000003,0.8750000000000003,0.7750000000000002,90,3,0.14583333333333334,0.5972222222222222,0.8541666666666666,0.4027777777777778,0.0
asymmetric_quality_path,0.8500000000000003,0.9000000000000004,0.8000000000000003,90,1,0.16458333333333333,0.5666666666666667,0.8354166666666667,0.43333333333333335,0.0
asymmetric_quality_path,0.8500000000000003,0.9000000000000004,0.8000000000000003,90,2,0.14375,0.5986111111111111,0.85625,0.4013888888888889,0.0
asymmetric_quality_path,0.8500000000000003,0.9000000000000004,0.8000000000000003,90,3,0.12083333333333333,0.6125,0.8791666666666667,0.3875,0.0
asymmetric_quality_path,0.8750000000000003,0.9250000000000004,0.8250000000000003,90,1,0.15208333333333332,0.575,0.8479166666666667,0.425,0.0
asymmetric_quality_path,0.8750000000000003,0.9250000000000004,0.8250000000000003,90,2,0.125,0.6138888888888889,0.875,0.3861111111111111,0.0
asymmetric_quality_path,0.8750000000000003,0.9250000000000004,0.8250000000000003,90,3,0.09583333333333334,0.6263888888888889,0.9041666666666667,0.3736111111111111,0.0
asymmetric_quality_path,0.9000000000000004,0.9500000000000004,0.8500000000000003,90,1,0.14166666666666666,0.5847222222222223,0.8583333333333333,0.4152777777777778,0.0
asymmetric_quality_path,0.9000000000000004,0.9500000000000004,0.8500000000000003,90,2,0.1125,0.625,0.8875,0.375,0.0
asymmetric_quality_path,0.9000000000000004,0.9500000000000004,0.8500000000000003,90,3,0.08958333333333333,0.6333333333333333,0.9104166666666667,0.36666666666666664,0.0
asymmetric_quality_path,0.5,0.55,0.45,95,1,0.35833333333333334,0.4166666666666667,0.6416666666666667,0.5833333333333334,0.0
asymmetric_quality_path,0.5,0.55,0.45,95,2,0.35208333333333336,0.4152777777777778,0.6479166666666667,0.5847222222222223,0.0
asymmetric_quality_path,0.5,0.55,0.45,95,3,0.31666666666666665,0.4513888888888889,0.6833333333333333,0.5486111111111112,0.0
asymmetric_quality_path,0.525,0.5750000000000001,0.47500000000000003,95,1,0.33958333333333335,0.42777777777777776,0.6604166666666667,0.5722222222222222,0.0
asymmetric_quality_path,0.525,0.5750000000000001,0.47500000000000003,95,2,0.33125,0.42916666666666664,0.66875,0.5708333333333333,0.0
asymmetric_quality_path,0.525,0.5750000000000001,0.47500000000000003,95,3,0.29583333333333334,0.4652777777777778,0.7041666666666667,0.5347222222222222,0.0
asymmetric_quality_path,0.55,0.6000000000000001,0.5,95,1,0.32708333333333334,0.43472222222222223,0.6729166666666667,0.5652777777777778,0.0
asymmetric_quality_path,0.55,0.6000000000000001,0.5,95,2,0.30625,0.44583333333333336,0.69375,0.5541666666666667,0.0
asymmetric_quality_path,0.55,0.6000000000000001,0.5,95,3,0.2833333333333333,0.4722222222222222,0.7166666666666667,0.5277777777777778,0.0
asymmetric_quality_path,0.5750000000000001,0.6250000000000001,0.525,95,1,0.30625,0.4486111111111111,0.69375,0.5513888888888889,0.0
asymmetric_quality_path,0.5750000000000001,0.6250000000000001,0.525,95,2,0.28958333333333336,0.4583333333333333,0.7104166666666667,0.5416666666666666,0.0
asymmetric_quality_path,0.5750000000000001,0.6250000000000001,0.525,95,3,0.27291666666666664,0.48194444444444445,0.7270833333333333,0.5180555555555556,0.0
asymmetric_quality_path,0.6000000000000001,0.6500000000000001,0.55,95,1,0.2916666666666667,0.4583333333333333,0.7083333333333334,0.5416666666666666,0.0
asymmetric_quality_path,0.6000000000000001,0.6500000000000001,0.55,95,2,0.26875,0.4708333333333333,0.73125,0.5291666666666667,0.0
asymmetric_quality_path,0.6000000000000001,0.6500000000000001,0.55,95,3,0.25833333333333336,0.4888888888888889,0.7416666666666667,0.5111111111111111,0.0
asymmetric_quality_path,0.6250000000000001,0.6750000000000002,0.5750000000000001,95,1,0.26875,0.4736111111111111,0.73125,0.5263888888888889,0.0
asymmetric_quality_path,0.6250000000000001,0.6750000000000002,0.5750000000000001,95,2,0.25833333333333336,0.48333333333333334,0.7416666666666667,0.5166666666666667,0.0
asymmetric_quality_path,0.6250000000000001,0.6750000000000002,0.5750000000000001,95,3,0.23541666666666666,0.5,0.7645833333333333,0.5,0.0
asymmetric_quality_path,0.6500000000000001,0.7000000000000002,0.6000000000000001,95,1,0.25833333333333336,0.4777777777777778,0.7416666666666667,0.5222222222222223,0.0
asymmetric_quality_path,0.6500000000000001,0.7000000000000002,0.6000000000000001,95,2,0.24791666666666667,0.4930555555555556,0.7520833333333333,0.5069444444444444,0.0
asymmetric_quality_path,0.6500000000000001,0.7000000000000002,0.6000000000000001,95,3,0.22916666666666666,0.5055555555555555,0.7708333333333334,0.49444444444444446,0.0
asymmetric_quality_path,0.6750000000000002,0.7250000000000002,0.6250000000000001,95,1,0.25416666666666665,0.4791666666666667,0.7458333333333333,0.5208333333333334,0.0
asymmetric_quality_path,0.6750000000000002,0.7250000000000002,0.6250000000000001,95,2,0.2375,0.5,0.7625,0.5,0.0
asymmetric_quality_path,0.6750000000000002,0.7250000000000002,0.6250000000000001,95,3,0.2125,0.5236111111111111,0.7875,0.47638888888888886,0.0
asymmetric_quality_path,0.7000000000000002,0.7500000000000002,0.6500000000000001,95,1,0.23958333333333334,0.4861111111111111,0.7604166666666666,0.5138888888888888,0.0
asymmetric_quality_path,0.7000000000000002,0.7500000000000002,0.6500000000000001,95,2,0.22916666666666666,0.5041666666666667,0.7708333333333334,0.49583333333333335,0.0
asymmetric_quality_path,0.7000000000000002,0.7500000000000002,0.6500000000000001,95,3,0.18958333333333333,0.5361111111111111,0.8104166666666667,0.4638888888888889,0.0
asymmetric_quality_path,0.7250000000000002,0.7750000000000002,0.6750000000000002,95,1,0.23125,0.49583333333333335,0.76875,0.5041666666666667,0.0
asymmetric_quality_path,0.7250000000000002,0.7750000000000002,0.6750000000000002,95,2,0.21458333333333332,0.5138888888888888,0.7854166666666667,0.4861111111111111,0.0
asymmetric_quality_path,0.7250000000000002,0.7750000000000002,0.6750000000000002,95,3,0.175,0.5444444444444444,0.825,0.45555555555555555,0.0
asymmetric_quality_path,0.7500000000000002,0.8000000000000003,0.7000000000000002,95,1,0.21875,0.5027777777777778,0.78125,0.49722222222222223,0.0
asymmetric_quality_path,0.7500000000000002,0.8000000000000003,0.7000000000000002,95,2,0.19375,0.5236111111111111,0.80625,0.47638888888888886,0.0
asymmetric_quality_path,0.7500000000000002,0.8000000000000003,0.7000000000000002,95,3,0.15833333333333333,0.5569444444444445,0.8416666666666667,0.44305555555555554,0.0
asymmetric_quality_path,0.7750000000000002,0.8250000000000003,0.7250000000000002,95,1,0.19375,0.5166666666666667,0.80625,0.48333333333333334,0.0
asymmetric_quality_path,0.7750000000000002,0.8250000000000003,0.7250000000000002,95,2,0.17916666666666667,0.5361111111111111,0.8208333333333333,0.4638888888888889,0.0
asymmetric_quality_path,0.7750000000000002,0.8250000000000003,0.7250000000000002,95,3,0.14791666666666667,0.5625,0.8520833333333333,0.4375,0.0
asymmetric_quality_path,0.8000000000000003,0.8500000000000003,0.7500000000000002,95,1,0.18541666666666667,0.5236111111111111,0.8145833333333333,0.47638888888888886,0.0
asymmetric_quality_path,0.8000000000000003,0.8500000000000003,0.7500000000000002,95,2,0.15833333333333333,0.5527777777777778,0.8416666666666667,0.44722222222222224,0.0
asymmetric_quality_path,0.8000000000000003,0.8500000000000003,0.7500000000000002,95,3,0.1375,0.5680555555555555,0.8625,0.43194444444444446,0.0
asymmetric_quality_path,0.8250000000000003,0.8750000000000003,0.7750000000000002,95,1,0.17916666666666667,0.5263888888888889,0.8208333333333333,0.4736111111111111,0.0
asymmetric_quality_path,0.8250000000000003,0.8750000000000003,0.7750000000000002,95,2,0.14583333333333334,0.5611111111111111,0.8541666666666666,0.4388888888888889,0.0
asymmetric_quality_path,0.8250000000000003,0.8750000000000003,0.7750000000000002,95,3,0.12708333333333333,0.575,0.8729166666666667,0.425,0.0
asymmetric_quality_path,0.8500000000000003,0.9000000000000004,0.8000000000000003,95,1,0.16041666666666668,0.5375,0.8395833333333333,0.4625,0.0
asymmetric_quality_path,0.8500000000000003,0.9000000000000004,0.8000000000000003,95,2,0.12708333333333333,0.5736111111111111,0.8729166666666667,0.4263888888888889,0.0
asymmetric_quality_path,0.8500000000000003,0.9000000000000004,0.8000000000000003,95,3,0.11458333333333333,0.5847222222222223,0.8854166666666666,0.4152777777777778,0.0
asymmetric_quality_path,0.8750000000000003,0.9250000000000004,0.8250000000000003,95,1,0.15,0.5458333333333333,0.85,0.45416666666666666,0.0
asymmetric_quality_path,0.8750000000000003,0.9250000000000004,0.8250000000000003,95,2,0.12291666666666666,0.5777777777777777,0.8770833333333333,0.4222222222222222,0.0
asymmetric_quality_path,0.8750000000000003,0.9250000000000004,0.8250000000000003,95,3,0.09166666666666666,0.5958333333333333,0.9083333333333333,0.4041666666666667,0.0
asymmetric_quality_path,0.9000000000000004,0.9500000000000004,0.8500000000000003,95,1,0.13958333333333334,0.5555555555555556,0.8604166666666667,0.4444444444444444,0.0
asymmetric_quality_path,0.9000000000000004,0.9500000000000004,0.8500000000000003,95,2,0.11041666666666666,0.5902777777777778,0.8895833333333333,0.4097222222222222,0.0
asymmetric_quality_path,0.9000000000000004,0.9500000000000004,0.8500000000000003,95,3,0.0875,0.6041666666666666,0.9125,0.3958333333333333,0.0
asymmetric_quality_path,0.5,0.55,0.45,100,1,0.32916666666666666,0.4013888888888889,0.6708333333333333,0.5986111111111111,0.0
asymmetric_quality_path,0.5,0.55,0.45,100,2,0.31666666666666665,0.4083333333333333,0.6833333333333333,0.5916666666666667,0.0
asymmetric_quality_path,0.5,0.55,0.45,100,3,0.29583333333333334,0.43472222222222223,0.7041666666666667,0.5652777777777778,0.0
asymmetric_quality_path,0.525,0.5750000000000001,0.47500000000000003,100,1,0.3229166666666667,0.40694444444444444,0.6770833333333334,0.5930555555555556,0.0
asymmetric_quality_path,0.525,0.5750000000000001,0.47500000000000003,100,2,0.3020833333333333,0.41805555555555557,0.6979166666666666,0.5819444444444445,0.0
asymmetric_quality_path,0.525,0.5750000000000001,0.47500000000000003,100,3,0.2791666666666667,0.4444444444444444,0.7208333333333333,0.5555555555555556,0.0
asymmetric_quality_path,0.55,0.6000000000000001,0.5,100,1,0.30625,0.4152777777777778,0.69375,0.5847222222222223,0.0
asymmetric_quality_path,0.55,0.6000000000000001,0.5,100,2,0.29375,0.4263888888888889,0.70625,0.5736111111111111,0.0
asymmetric_quality_path,0.55,0.6000000000000001,0.5,100,3,0.26666666666666666,0.45,0.7333333333333333,0.55,0.0
asymmetric_quality_path,0.5750000000000001,0.6250000000000001,0.525,100,1,0.28958333333333336,0.4236111111111111,0.7104166666666667,0.5763888888888888,0.0
asymmetric_quality_path,0.5750000000000001,0.6250000000000001,0.525,100,2,0.28125,0.43333333333333335,0.71875,0.5666666666666667,0.0
asymmetric_quality_path,0.5750000000000001,0.6250000000000001,0.525,100,3,0.25833333333333336,0.4597222222222222,0.7416666666666667,0.5402777777777777,0.0
asymmetric_quality_path,0.6000000000000001,0.6500000000000001,0.55,100,1,0.275,0.43472222222222223,0.725,0.5652777777777778,0.0
asymmetric_quality_path,0.6000000000000001,0.6500000000000001,0.55,100,2,0.2604166666666667,0.44722222222222224,0.7395833333333334,0.5527777777777778,0.0
asymmetric_quality_path,0.6000000000000001,0.6500000000000001,0.55,100,3,0.23958333333333334,0.46805555555555556,0.7604166666666666,0.5319444444444444,0.0
asymmetric_quality_path,0.6250000000000001,0.6750000000000002,0.5750000000000001,100,1,0.2625,0.44722222222222224,0.7375,0.5527777777777778,0.0
asymmetric_quality_path,0.6250000000000001,0.6750000000000002,0.5750000000000001,100,2,0.2520833333333333,0.4527777777777778,0.7479166666666667,0.5472222222222223,0.0
asymmetric_quality_path,0.6250000000000001,0.6750000000000002,0.5750000000000001,100,3,0.21666666666666667,0.48055555555555557,0.7833333333333333,0.5194444444444445,0.0
asymmetric_quality_path,0.6500000000000001,0.7000000000000002,0.6000000000000001,100,1,0.2520833333333333,0.45416666666666666,0.7479166666666667,0.5458333333333333,0.0
asymmetric_quality_path,0.6500000000000001,0.7000000000000002,0.6000000000000001,100,2,0.23541666666666666,0.4666666666666667,0.7645833333333333,0.5333333333333333,0.0
asymmetric_quality_path,0.6500000000000001,0.7000000000000002,0.6000000000000001,100,3,0.20416666666666666,0.49027777777777776,0.7958333333333333,0.5097222222222222,0.0
asymmetric_quality_path,0.6750000000000002,0.7250000000000002,0.6250000000000001,100,1,0.24375,0.45694444444444443,0.75625,0.5430555555555555,0.0
asymmetric_quality_path,0.6750000000000002,0.7250000000000002,0.6250000000000001,100,2,0.21666666666666667,0.4791666666666667,0.7833333333333333,0.5208333333333334,0.0
asymmetric_quality_path,0.6750000000000002,0.7250000000000002,0.6250000000000001,100,3,0.19375,0.5055555555555555,0.80625,0.49444444444444446,0.0
asymmetric_quality_path,0.7000000000000002,0.7500000000000002,0.6500000000000001,100,1,0.22708333333333333,0.4666666666666667,0.7729166666666667,0.5333333333333333,0.0
asymmetric_quality_path,0.7000000000000002,0.7500000000000002,0.6500000000000001,100,2,0.21041666666666667,0.48055555555555557,0.7895833333333333,0.5194444444444445,0.0
asymmetric_quality_path,0.7000000000000002,0.7500000000000002,0.6500000000000001,100,3,0.17708333333333334,0.5166666666666667,0.8229166666666666,0.48333333333333334,0.0
asymmetric_quality_path,0.7250000000000002,0.7750000000000002,0.6750000000000002,100,1,0.21666666666666667,0.4777777777777778,0.7833333333333333,0.5222222222222223,0.0
asymmetric_quality_path,0.7250000000000002,0.7750000000000002,0.6750000000000002,100,2,0.19791666666666666,0.4861111111111111,0.8020833333333334,0.5138888888888888,0.0
asymmetric_quality_path,0.7250000000000002,0.7750000000000002,0.6750000000000002,100,3,0.17291666666666666,0.5180555555555556,0.8270833333333333,0.48194444444444445,0.0
asymmetric_quality_path,0.7500000000000002,0.8000000000000003,0.7000000000000002,100,1,0.2125,0.48055555555555557,0.7875,0.5194444444444445,0.0
asymmetric_quality_path,0.7500000000000002,0.8000000000000003,0.7000000000000002,100,2,0.17708333333333334,0.49583333333333335,0.8229166666666666,0.5041666666666667,0.0
asymmetric_quality_path,0.7500000000000002,0.8000000000000003,0.7000000000000002,100,3,0.15416666666666667,0.5333333333333333,0.8458333333333333,0.4666666666666667,0.0
asymmetric_quality_path,0.7750000000000002,0.8250000000000003,0.7250000000000002,100,1,0.18958333333333333,0.49444444444444446,0.8104166666666667,0.5055555555555555,0.0
asymmetric_quality_path,0.7750000000000002,0.8250000000000003,0.7250000000000002,100,2,0.16458333333333333,0.5055555555555555,0.8354166666666667,0.49444444444444446,0.0
asymmetric_quality_path,0.7750000000000002,0.8250000000000003,0.7250000000000002,100,3,0.14166666666666666,0.5347222222222222,0.8583333333333333,0.4652777777777778,0.0
asymmetric_quality_path,0.8000000000000003,0.8500000000000003,0.7500000000000002,100,1,0.17916666666666667,0.5041666666666667,0.8208333333333333,0.49583333333333335,0.0
asymmetric_quality_path,0.8000000000000003,0.8500000000000003,0.7500000000000002,100,2,0.15416666666666667,0.5152777777777777,0.8458333333333333,0.4847222222222222,0.0
asymmetric_quality_path,0.8000000000000003,0.8500000000000003,0.7500000000000002,100,3,0.13541666666666666,0.5430555555555555,0.8645833333333334,0.45694444444444443,0.0
asymmetric_quality_path,0.8250000000000003,0.8750000000000003,0.7750000000000002,100,1,0.175,0.5055555555555555,0.825,0.49444444444444446,0.0
asymmetric_quality_path,0.8250000000000003,0.8750000000000003,0.7750000000000002,100,2,0.14583333333333334,0.525,0.8541666666666666,0.475,0.0
asymmetric_quality_path,0.8250000000000003,0.8750000000000003,0.7750000000000002,100,3,0.125,0.5513888888888889,0.875,0.4486111111111111,0.0
asymmetric_quality_path,0.8500000000000003,0.9000000000000004,0.8000000000000003,100,1,0.15833333333333333,0.5138888888888888,0.8416666666666667,0.4861111111111111,0.0
asymmetric_quality_path,0.8500000000000003,0.9000000000000004,0.8000000000000003,100,2,0.12708333333333333,0.5361111111111111,0.8729166666666667,0.4638888888888889,0.0
asymmetric_quality_path,0.8500000000000003,0.9000000000000004,0.8000000000000003,100,3,0.11041666666666666,0.5569444444444445,0.8895833333333333,0.44305555555555554,0.0
asymmetric_quality_path,0.8750000000000003,0.9250000000000004,0.8250000000000003,100,1,0.15,0.5222222222222223,0.85,0.4777777777777778,0.0
asymmetric_quality_path,0.8750000000000003,0.9250000000000004,0.8250000000000003,100,2,0.11875,0.5444444444444444,0.88125,0.45555555555555555,0.0
asymmetric_quality_path,0.8750000000000003,0.9250000000000004,0.8250000000000003,100,3,0.09166666666666666,0.5680555555555555,0.9083333333333333,0.43194444444444446,0.0
asymmetric_quality_path,0.9000000000000004,0.9500000000000004,0.8500000000000003,100,1,0.13958333333333334,0.5305555555555556,0.8604166666666667,0.46944444444444444,0.0
asymmetric_quality_path,0.9000000000000004,0.9500000000000004,0.8500000000000003,100,2,0.10833333333333334,0.5555555555555556,0.8916666666666667,0.4444444444444444,0.0
asymmetric_quality_path,0.9000000000000004,0.9500000000000004,0.8500000000000003,100,3,0.0875,0.5777777777777777,0.9125,0.4222222222222222,0.0
asymmetric_quality_path,0.5,0.55,0.45,105,1,0.31666666666666665,0.37916666666666665,0.6833333333333333,0.6208333333333333,0.0
asymmetric_quality_path,0.5,0.55,0.45,105,2,0.3104166666666667,0.37777777777777777,0.6895833333333333,0.6222222222222222,0.0
asymmetric_quality_path,0.5,0.55,0.45,105,3,0.27708333333333335,0.41944444444444445,0.7229166666666667,0.5805555555555556,0.0
asymmetric_quality_path,0.525,0.5750000000000001,0.47500000000000003,105,1,0.3,0.3902777777777778,0.7,0.6097222222222223,0.0
asymmetric_quality_path,0.525,0.5750000000000001,0.47500000000000003,105,2,0.2916666666666667,0.3888888888888889,0.7083333333333334,0.6111111111111112,0.0
asymmetric_quality_path,0.525,0.5750000000000001,0.47500000000000003,105,3,0.2604166666666667,0.4305555555555556,0.7395833333333334,0.5694444444444444,0.0
asymmetric_quality_path,0.55,0.6000000000000001,0.5,105,1,0.28541666666666665,0.39861111111111114,0.7145833333333333,0.6013888888888889,0.0
asymmetric_quality_path,0.55,0.6000000000000001,0.5,105,2,0.2708333333333333,0.4041666666666667,0.7291666666666666,0.5958333333333333,0.0
asymmetric_quality_path,0.55,0.6000000000000001,0.5,105,3,0.25,0.4361111111111111,0.75,0.5638888888888889,0.0
asymmetric_quality_path,0.5750000000000001,0.6250000000000001,0.525,105,1,0.2708333333333333,0.40694444444444444,0.7291666666666666,0.5930555555555556,0.0
asymmetric_quality_path,0.5750000000000001,0.6250000000000001,0.525,105,2,0.2520833333333333,0.4152777777777778,0.7479166666666667,0.5847222222222223,0.0
asymmetric_quality_path,0.5750000000000001,0.6250000000000001,0.525,105,3,0.23541666666666666,0.4486111111111111,0.7645833333333333,0.5513888888888889,0.0
asymmetric_quality_path,0.6000000000000001,0.6500000000000001,0.55,105,1,0.2625,0.41388888888888886,0.7375,0.5861111111111111,0.0
asymmetric_quality_path,0.6000000000000001,0.6500000000000001,0.55,105,2,0.23333333333333334,0.42777777777777776,0.7666666666666667,0.5722222222222222,0.0
asymmetric_quality_path,0.6000000000000001,0.6500000000000001,0.55,105,3,0.21875,0.4583333333333333,0.78125,0.5416666666666666,0.0
asymmetric_quality_path,0.6250000000000001,0.6750000000000002,0.5750000000000001,105,1,0.24583333333333332,0.43194444444444446,0.7541666666666667,0.5680555555555555,0.0
asymmetric_quality_path,0.6250000000000001,0.6750000000000002,0.5750000000000001,105,2,0.21875,0.44027777777777777,0.78125,0.5597222222222222,0.0
asymmetric_quality_path,0.6250000000000001,0.6750000000000002,0.5750000000000001,105,3,0.2,0.46944444444444444,0.8,0.5305555555555556,0.0
asymmetric_quality_path,0.6500000000000001,0.7000000000000002,0.6000000000000001,105,1,0.23125,0.4375,0.76875,0.5625,0.0
asymmetric_quality_path,0.6500000000000001,0.7000000000000002,0.6000000000000001,105,2,0.2125,0.44583333333333336,0.7875,0.5541666666666667,0.0
asymmetric_quality_path,0.6500000000000001,0.7000000000000002,0.6000000000000001,105,3,0.18958333333333333,0.4777777777777778,0.8104166666666667,0.5222222222222223,0.0
asymmetric_quality_path,0.6750000000000002,0.7250000000000002,0.6250000000000001,105,1,0.23333333333333334,0.4375,0.7666666666666667,0.5625,0.0
asymmetric_quality_path,0.6750000000000002,0.7250000000000002,0.6250000000000001,105,2,0.19583333333333333,0.45555555555555555,0.8041666666666667,0.5444444444444444,0.0
asymmetric_quality_path,0.6750000000000002,0.7250000000000002,0.6250000000000001,105,3,0.17916666666666667,0.4861111111111111,0.8208333333333333,0.5138888888888888,0.0
asymmetric_quality_path,0.7000000000000002,0.7500000000000002,0.6500000000000001,105,1,0.21041666666666667,0.4486111111111111,0.7895833333333333,0.5513888888888889,0.0
asymmetric_quality_path,0.7000000000000002,0.7500000000000002,0.6500000000000001,105,2,0.1875,0.46111111111111114,0.8125,0.5388888888888889,0.0
asymmetric_quality_path,0.7000000000000002,0.7500000000000002,0.6500000000000001,105,3,0.16666666666666666,0.4930555555555556,0.8333333333333334,0.5069444444444444,0.0
asymmetric_quality_path,0.7250000000000002,0.7750000000000002,0.6750000000000002,105,1,0.20833333333333334,0.45416666666666666,0.7916666666666666,0.5458333333333333,0.0
asymmetric_quality_path,0.7250000000000002,0.7750000000000002,0.6750000000000002,105,2,0.17916666666666667,0.4666666666666667,0.8208333333333333,0.5333333333333333,0.0
asymmetric_quality_path,0.7250000000000002,0.7750000000000002,0.6750000000000002,105,3,0.16041666666666668,0.49583333333333335,0.8395833333333333,0.5041666666666667,0.0
asymmetric_quality_path,0.7500000000000002,0.8000000000000003,0.7000000000000002,105,1,0.19791666666666666,0.4583333333333333,0.8020833333333334,0.5416666666666666,0.0
asymmetric_quality_path,0.7500000000000002,0.8000000000000003,0.7000000000000002,105,2,0.16458333333333333,0.475,0.8354166666666667,0.525,0.0
asymmetric_quality_path,0.7500000000000002,0.8000000000000003,0.7000000000000002,105,3,0.13958333333333334,0.5097222222222222,0.8604166666666667,0.49027777777777776,0.0
asymmetric_quality_path,0.7750000000000002,0.8250000000000003,0.7250000000000002,105,1,0.17291666666666666,0.4722222222222222,0.8270833333333333,0.5277777777777778,0.0
asymmetric_quality_path,0.7750000000000002,0.8250000000000003,0.7250000000000002,105,2,0.14791666666666667,0.4875,0.8520833333333333,0.5125,0.0
asymmetric_quality_path,0.7750000000000002,0.8250000000000003,0.7250000000000002,105,3,0.13125,0.5138888888888888,0.86875,0.4861111111111111,0.0
asymmetric_quality_path,0.8000000000000003,0.8500000000000003,0.7500000000000002,105,1,0.16458333333333333,0.4791666666666667,0.8354166666666667,0.5208333333333334,0.0
asymmetric_quality_path,0.8000000000000003,0.8500000000000003,0.7500000000000002,105,2,0.13958333333333334,0.49583333333333335,0.8604166666666667,0.5041666666666667,0.0
asymmetric_quality_path,0.8000000000000003,0.8500000000000003,0.7500000000000002,105,3,0.12291666666666666,0.5222222222222223,0.8770833333333333,0.4777777777777778,0.0
asymmetric_quality_path,0.8250000000000003,0.8750000000000003,0.7750000000000002,105,1,0.1625,0.48194444444444445,0.8375,0.5180555555555556,0.0
asymmetric_quality_path,0.8250000000000003,0.8750000000000003,0.7750000000000002,105,2,0.13333333333333333,0.5027777777777778,0.8666666666666667,0.49722222222222223,0.0
asymmetric_quality_path,0.8250000000000003,0.8750000000000003,0.7750000000000002,105,3,0.11458333333333333,0.5263888888888889,0.8854166666666666,0.4736111111111111,0.0
asymmetric_quality_path,0.8500000000000003,0.9000000000000004,0.8000000000000003,105,1,0.15208333333333332,0.4888888888888889,0.8479166666666667,0.5111111111111111,0.0
asymmetric_quality_path,0.8500000000000003,0.9000000000000004,0.8000000000000003,105,2,0.12083333333333333,0.5111111111111111,0.8791666666666667,0.4888888888888889,0.0
asymmetric_quality_path,0.8500000000000003,0.9000000000000004,0.8000000000000003,105,3,0.10416666666666667,0.5319444444444444,0.8958333333333334,0.46805555555555556,0.0
asymmetric_quality_path,0.8750000000000003,0.9250000000000004,0.8250000000000003,105,1,0.14583333333333334,0.49722222222222223,0.8541666666666666,0.5027777777777778,0.0
asymmetric_quality_path,0.8750000000000003,0.9250000000000004,0.8250000000000003,105,2,0.11458333333333333,0.5166666666666667,0.8854166666666666,0.48333333333333334,0.0
asymmetric_quality_path,0.8750000000000003,0.9250000000000004,0.8250000000000003,105,3,0.09166666666666666,0.5375,0.9083333333333333,0.4625,0.0
asymmetric_quality_path,0.9000000000000004,0.9500000000000004,0.8500000000000003,105,1,0.13958333333333334,0.5041666666666667,0.8604166666666667,0.49583333333333335,0.0
asymmetric_quality_path,0.9000000000000004,0.9500000000000004,0.8500000000000003,105,2,0.10625,0.525,0.89375,0.475,0.0
asymmetric_quality_path,0.9000000000000004,0.9500000000000004,0.8500000000000003,105,3,0.0875,0.5472222222222223,0.9125,0.4527777777777778,0.0
asymmetric_quality_path,0.5,0.55,0.45,110,1,0.29791666666666666,0.3638888888888889,0.7020833333333333,0.6361111111111111,0.0
asymmetric_quality_path,0.5,0.55,0.45,110,2,0.26875,0.36944444444444446,0.73125,0.6305555555555555,0.0
asymmetric_quality_path,0.5,0.55,0.45,110,3,0.24791666666666667,0.4027777777777778,0.7520833333333333,0.5972222222222222,0.0
asymmetric_quality_path,0.525,0.5750000000000001,0.47500000000000003,110,1,0.2916666666666667,0.37222222222222223,0.7083333333333334,0.6277777777777778,0.0
asymmetric_quality_path,0.525,0.5750000000000001,0.47500000000000003,110,2,0.25,0.38055555555555554,0.75,0.6194444444444445,0.0
asymmetric_quality_path,0.525,0.5750000000000001,0.47500000000000003,110,3,0.23958333333333334,0.4097222222222222,0.7604166666666666,0.5902777777777778,0.0
asymmetric_quality_path,0.55,0.6000000000000001,0.5,110,1,0.27708333333333335,0.37916666666666665,0.7229166666666667,0.6208333333333333,0.0
asymmetric_quality_path,0.55,0.6000000000000001,0.5,110,2,0.23125,0.39166666666666666,0.76875,0.6083333333333333,0.0
asymmetric_quality_path,0.55,0.6000000000000001,0.5,110,3,0.23333333333333334,0.41388888888888886,0.7666666666666667,0.5861111111111111,0.0
asymmetric_quality_path,0.5750000000000001,0.6250000000000001,0.525,110,1,0.26458333333333334,0.38472222222222224,0.7354166666666667,0.6152777777777778,0.0
asymmetric_quality_path,0.5750000000000001,0.6250000000000001,0.525,110,2,0.22291666666666668,0.4,0.7770833333333333,0.6,0.0
asymmetric_quality_path,0.5750000000000001,0.6250000000000001,0.525,110,3,0.22083333333333333,0.4222222222222222,0.7791666666666667,0.5777777777777777,0.0
asymmetric_quality_path,0.6000000000000001,0.6500000000000001,0.55,110,1,0.25625,0.39305555555555555,0.74375,0.6069444444444444,0.0
asymmetric_quality_path,0.6000000000000001,0.6500000000000001,0.55,110,2,0.21458333333333332,0.4083333333333333,0.7854166666666667,0.5916666666666667,0.0
asymmetric_quality_path,0.6000000000000001,0.6500000000000001,0.55,110,3,0.20625,0.43194444444444446,0.79375,0.5680555555555555,0.0
asymmetric_quality_path,0.6250000000000001,0.6750000000000002,0.5750000000000001,110,1,0.22708333333333333,0.41388888888888886,0.7729166666666667,0.5861111111111111,0.0
asymmetric_quality_path,0.6250000000000001,0.6750000000000002,0.5750000000000001,110,2,0.20416666666666666,0.4166666666666667,0.7958333333333333,0.5833333333333334,0.0
asymmetric_quality_path,0.6250000000000001,0.6750000000000002,0.5750000000000001,110,3,0.18958333333333333,0.44027777777777777,0.8104166666666667,0.5597222222222222,0.0
asymmetric_quality_path,0.6500000000000001,0.7000000000000002,0.6000000000000001,110,1,0.21666666666666667,0.41805555555555557,0.7833333333333333,0.5819444444444445,0.0
asymmetric_quality_path,0.6500000000000001,0.7000000000000002,0.6000000000000001,110,2,0.19166666666666668,0.4263888888888889,0.8083333333333333,0.5736111111111111,0.0
asymmetric_quality_path,0.6500000000000001,0.7000000000000002,0.6000000000000001,110,3,0.17916666666666667,0.4486111111111111,0.8208333333333333,0.5513888888888889,0.0
asymmetric_quality_path,0.6750000000000002,0.7250000000000002,0.6250000000000001,110,1,0.23333333333333334,0.4111111111111111,0.7666666666666667,0.5888888888888889,0.0
asymmetric_quality_path,0.6750000000000002,0.7250000000000002,0.6250000000000001,110,2,0.18125,0.43333333333333335,0.81875,0.5666666666666667,0.0
asymmetric_quality_path,0.6750000000000002,0.7250000000000002,0.6250000000000001,110,3,0.16875,0.4597222222222222,0.83125,0.5402777777777777,0.0
asymmetric_quality_path,0.7000000000000002,0.7500000000000002,0.6500000000000001,110,1,0.21458333333333332,0.42083333333333334,0.7854166666666667,0.5791666666666667,0.0
asymmetric_quality_path,0.7000000000000002,0.7500000000000002,0.6500000000000001,110,2,0.175,0.4361111111111111,0.825,0.5638888888888889,0.0
asymmetric_quality_path,0.7000000000000002,0.7500000000000002,0.6500000000000001,110,3,0.15625,0.46944444444444444,0.84375,0.5305555555555556,0.0
asymmetric_quality_path,0.7250000000000002,0.7750000000000002,0.6750000000000002,110,1,0.20625,0.42916666666666664,0.79375,0.5708333333333333,0.0
asymmetric_quality_path,0.7250000000000002,0.7750000000000002,0.6750000000000002,110,2,0.16875,0.4388888888888889,0.83125,0.5611111111111111,0.0
asymmetric_quality_path,0.7250000000000002,0.7750000000000002,0.6750000000000002,110,3,0.14791666666666667,0.4722222222222222,0.8520833333333333,0.5277777777777778,0.0
asymmetric_quality_path,0.7500000000000002,0.8000000000000003,0.7000000000000002,110,1,0.18333333333333332,0.4375,0.8166666666666667,0.5625,0.0
asymmetric_quality_path,0.7500000000000002,0.8000000000000003,0.7000000000000002,110,2,0.15833333333333333,0.4444444444444444,0.8416666666666667,0.5555555555555556,0.0
asymmetric_quality_path,0.7500000000000002,0.8000000000000003,0.7000000000000002,110,3,0.13125,0.4861111111111111,0.86875,0.5138888888888888,0.0
asymmetric_quality_path,0.7750000000000002,0.8250000000000003,0.7250000000000002,110,1,0.16875,0.44722222222222224,0.83125,0.5527777777777778,0.0
asymmetric_quality_path,0.7750000000000002,0.8250000000000003,0.7250000000000002,110,2,0.14791666666666667,0.4527777777777778,0.8520833333333333,0.5472222222222223,0.0
asymmetric_quality_path,0.7750000000000002,0.8250000000000003,0.7250000000000002,110,3,0.125,0.4875,0.875,0.5125,0.0
asymmetric_quality_path,0.8000000000000003,0.8500000000000003,0.7500000000000002,110,1,0.16041666666666668,0.45416666666666666,0.8395833333333333,0.5458333333333333,0.0
asymmetric_quality_path,0.8000000000000003,0.8500000000000003,0.7500000000000002,110,2,0.13541666666666666,0.46111111111111114,0.8645833333333334,0.5388888888888889,0.0
asymmetric_quality_path,0.8000000000000003,0.8500000000000003,0.7500000000000002,110,3,0.11666666666666667,0.49722222222222223,0.8833333333333333,0.5027777777777778,0.0
asymmetric_quality_path,0.8250000000000003,0.8750000000000003,0.7750000000000002,110,1,0.15833333333333333,0.45694444444444443,0.8416666666666667,0.5430555555555555,0.0
asymmetric_quality_path,0.8250000000000003,0.8750000000000003,0.7750000000000002,110,2,0.13125,0.4666666666666667,0.86875,0.5333333333333333,0.0
asymmetric_quality_path,0.8250000000000003,0.8750000000000003,0.7750000000000002,110,3,0.11041666666666666,0.5041666666666667,0.8895833333333333,0.49583333333333335,0.0
asymmetric_quality_path,0.8500000000000003,0.9000000000000004,0.8000000000000003,110,1,0.14791666666666667,0.4638888888888889,0.8520833333333333,0.5361111111111111,0.0
asymmetric_quality_path,0.8500000000000003,0.9000000000000004,0.8000000000000003,110,2,0.12083333333333333,0.4722222222222222,0.8791666666666667,0.5277777777777778,0.0
asymmetric_quality_path,0.8500000000000003,0.9000000000000004,0.8000000000000003,110,3,0.10208333333333333,0.5097222222222222,0.8979166666666667,0.49027777777777776,0.0
asymmetric_quality_path,0.8750000000000003,0.9250000000000004,0.8250000000000003,110,1,0.14166666666666666,0.4708333333333333,0.8583333333333333,0.5291666666666667,0.0
asymmetric_quality_path,0.8750000000000003,0.9250000000000004,0.8250000000000003,110,2,0.11458333333333333,0.4777777777777778,0.8854166666666666,0.5222222222222223,0.0
asymmetric_quality_path,0.8750000000000003,0.9250000000000004,0.8250000000000003,110,3,0.09166666666666666,0.5138888888888888,0.9083333333333333,0.4861111111111111,0.0
asymmetric_quality_path,0.9000000000000004,0.9500000000000004,0.8500000000000003,110,1,0.13541666666666666,0.47638888888888886,0.8645833333333334,0.5236111111111111,0.0
asymmetric_quality_path,0.9000000000000004,0.9500000000000004,0.8500000000000003,110,2,0.10625,0.4861111111111111,0.89375,0.5138888888888888,0.0
asymmetric_quality_path,0.9000000000000004,0.9500000000000004,0.8500000000000003,110,3,0.0875,0.5194444444444445,0.9125,0.48055555555555557,0.0
asymmetric_quality_path,0.5,0.55,0.45,115,1,0.2916666666666667,0.33611111111111114,0.7083333333333334,0.6638888888888889,0.0
asymmetric_quality_path,0.5,0.55,0.45,115,2,0.25416666666666665,0.34444444444444444,0.7458333333333333,0.6555555555555556,0.0
asymmetric_quality_path,0.5,0.55,0.45,115,3,0.23541666666666666,0.38055555555555554,0.7645833333333333,0.6194444444444445,0.0
asymmetric_quality_path,0.525,0.5750000000000001,0.47500000000000003,115,1,0.28125,0.34305555555555556,0.71875,0.6569444444444444,0.0
asymmetric_quality_path,0.525,0.5750000000000001,0.47500000000000003,115,2,0.23541666666666666,0.3541666666666667,0.7645833333333333,0.6458333333333334,0.0
asymmetric_quality_path,0.525,0.5750000000000001,0.47500000000000003,115,3,0.22291666666666668,0.3888888888888889,0.7770833333333333,0.6111111111111112,0.0
asymmetric_quality_path,0.55,0.6000000000000001,0.5,115,1,0.26875,0.3527777777777778,0.73125,0.6472222222222223,0.0
asymmetric_quality_path,0.55,0.6000000000000001,0.5,115,2,0.22083333333333333,0.3638888888888889,0.7791666666666667,0.6361111111111111,0.0
asymmetric_quality_path,0.55,0.6000000000000001,0.5,115,3,0.2125,0.3958333333333333,0.7875,0.6041666666666666,0.0
asymmetric_quality_path,0.5750000000000001,0.6250000000000001,0.525,115,1,0.25833333333333336,0.35833333333333334,0.7416666666666667,0.6416666666666667,0.0
asymmetric_quality_path,0.5750000000000001,0.6250000000000001,0.525,115,2,0.21041666666666667,0.37083333333333335,0.7895833333333333,0.6291666666666667,0.0
asymmetric_quality_path,0.5750000000000001,0.6250000000000001,0.525,115,3,0.20625,0.4,0.79375,0.6,0.0
asymmetric_quality_path,0.6000000000000001,0.6500000000000001,0.55,115,1,0.2520833333333333,0.3638888888888889,0.7479166666666667,0.6361111111111111,0.0
asymmetric_quality_path,0.6000000000000001,0.6500000000000001,0.55,115,2,0.19583333333333333,0.38055555555555554,0.8041666666666667,0.6194444444444445,0.0
asymmetric_quality_path,0.6000000000000001,0.6500000000000001,0.55,115,3,0.19375,0.4097222222222222,0.80625,0.5902777777777778,0.0
asymmetric_quality_path,0.6250000000000001,0.6750000000000002,0.5750000000000001,115,1,0.21458333333333332,0.3861111111111111,0.7854166666666667,0.6138888888888889,0.0
asymmetric_quality_path,0.6250000000000001,0.6750000000000002,0.5750000000000001,115,2,0.18958333333333333,0.3875,0.8104166666666667,0.6125,0.0
asymmetric_quality_path,0.6250000000000001,0.6750000000000002,0.5750000000000001,115,3,0.17708333333333334,0.41944444444444445,0.8229166666666666,0.5805555555555556,0.0
asymmetric_quality_path,0.6500000000000001,0.7000000000000002,0.6000000000000001,115,1,0.20833333333333334,0.3902777777777778,0.7916666666666666,0.6097222222222223,0.0
asymmetric_quality_path,0.6500000000000001,0.7000000000000002,0.6000000000000001,115,2,0.18541666666666667,0.39166666666666666,0.8145833333333333,0.6083333333333333,0.0
asymmetric_quality_path,0.6500000000000001,0.7000000000000002,0.6000000000000001,115,3,0.16666666666666666,0.4263888888888889,0.8333333333333334,0.5736111111111111,0.0
asymmetric_quality_path,0.6750000000000002,0.7250000000000002,0.6250000000000001,115,1,0.22291666666666668,0.3875,0.7770833333333333,0.6125,0.0
asymmetric_quality_path,0.6750000000000002,0.7250000000000002,0.6250000000000001,115,2,0.18333333333333332,0.39166666666666666,0.8166666666666667,0.6083333333333333,0.0
asymmetric_quality_path,0.6750000000000002,0.7250000000000002,0.6250000000000001,115,3,0.1625,0.43472222222222223,0.8375,0.5652777777777778,0.0
asymmetric_quality_path,0.7000000000000002,0.7500000000000002,0.6500000000000001,115,1,0.20625,0.39444444444444443,0.79375,0.6055555555555555,0.0
asymmetric_quality_path,0.7000000000000002,0.7500000000000002,0.6500000000000001,115,2,0.17916666666666667,0.39444444444444443,0.8208333333333333,0.6055555555555555,0.0
asymmetric_quality_path,0.7000000000000002,0.7500000000000002,0.6500000000000001,115,3,0.15,0.44305555555555554,0.85,0.5569444444444445,0.0
asymmetric_quality_path,0.7250000000000002,0.7750000000000002,0.6750000000000002,115,1,0.20208333333333334,0.4013888888888889,0.7979166666666667,0.5986111111111111,0.0
asymmetric_quality_path,0.7250000000000002,0.7750000000000002,0.6750000000000002,115,2,0.15833333333333333,0.4083333333333333,0.8416666666666667,0.5916666666666667,0.0
asymmetric_quality_path,0.7250000000000002,0.7750000000000002,0.6750000000000002,115,3,0.13958333333333334,0.4486111111111111,0.8604166666666667,0.5513888888888889,0.0
asymmetric_quality_path,0.7500000000000002,0.8000000000000003,0.7000000000000002,115,1,0.18125,0.41388888888888886,0.81875,0.5861111111111111,0.0
asymmetric_quality_path,0.7500000000000002,0.8000000000000003,0.7000000000000002,115,2,0.14791666666666667,0.4125,0.8520833333333333,0.5875,0.0
asymmetric_quality_path,0.7500000000000002,0.8000000000000003,0.7000000000000002,115,3,0.12083333333333333,0.4652777777777778,0.8791666666666667,0.5347222222222222,0.0
asymmetric_quality_path,0.7750000000000002,0.8250000000000003,0.7250000000000002,115,1,0.16458333333333333,0.425,0.8354166666666667,0.575,0.0
asymmetric_quality_path,0.7750000000000002,0.8250000000000003,0.7250000000000002,115,2,0.13958333333333334,0.4236111111111111,0.8604166666666667,0.5763888888888888,0.0
asymmetric_quality_path,0.7750000000000002,0.8250000000000003,0.7250000000000002,115,3,0.11666666666666667,0.4638888888888889,0.8833333333333333,0.5361111111111111,0.0
asymmetric_quality_path,0.8000000000000003,0.8500000000000003,0.7500000000000002,115,1,0.15833333333333333,0.4305555555555556,0.8416666666666667,0.5694444444444444,0.0
asymmetric_quality_path,0.8000000000000003,0.8500000000000003,0.7500000000000002,115,2,0.12916666666666668,0.42916666666666664,0.8708333333333333,0.5708333333333333,0.0
asymmetric_quality_path,0.8000000000000003,0.8500000000000003,0.7500000000000002,115,3,0.10833333333333334,0.4722222222222222,0.8916666666666667,0.5277777777777778,0.0
asymmetric_quality_path,0.8250000000000003,0.8750000000000003,0.7750000000000002,115,1,0.15625,0.4305555555555556,0.84375,0.5694444444444444,0.0
asymmetric_quality_path,0.8250000000000003,0.8750000000000003,0.7750000000000002,115,2,0.125,0.4361111111111111,0.875,0.5638888888888889,0.0
asymmetric_quality_path,0.8250000000000003,0.8750000000000003,0.7750000000000002,115,3,0.10208333333333333,0.47638888888888886,0.8979166666666667,0.5236111111111111,0.0
asymmetric_quality_path,0.8500000000000003,0.9000000000000004,0.8000000000000003,115,1,0.14583333333333334,0.4388888888888889,0.8541666666666666,0.5611111111111111,0.0
asymmetric_quality_path,0.8500000000000003,0.9000000000000004,0.8000000000000003,115,2,0.11666666666666667,0.44166666666666665,0.8833333333333333,0.5583333333333333,0.0
asymmetric_quality_path,0.8500000000000003,0.9000000000000004,0.8000000000000003,115,3,0.09791666666666667,0.4791666666666667,0.9020833333333333,0.5208333333333334,0.0
asymmetric_quality_path,0.8750000000000003,0.9250000000000004,0.8250000000000003,115,1,0.14166666666666666,0.44305555555555554,0.8583333333333333,0.5569444444444445,0.0
asymmetric_quality_path,0.8750000000000003,0.9250000000000004,0.8250000000000003,115,2,0.11041666666666666,0.44722222222222224,0.8895833333333333,0.5527777777777778,0.0
asymmetric_quality_path,0.8750000000000003,0.9250000000000004,0.8250000000000003,115,3,0.08958333333333333,0.48333333333333334,0.9104166666666667,0.5166666666666667,0.0
asymmetric_quality_path,0.9000000000000004,0.9500000000000004,0.8500000000000003,115,1,0.13541666666666666,0.4486111111111111,0.8645833333333334,0.5513888888888889,0.0
asymmetric_quality_path,0.9000000000000004,0.9500000000000004,0.8500000000000003,115,2,0.10625,0.45416666666666666,0.89375,0.5458333333333333,0.0
asymmetric_quality_path,0.9000000000000004,0.9500000000000004,0.8500000000000003,115,3,0.08541666666666667,0.4875,0.9145833333333333,0.5125,0.0
asymmetric_quality_path,0.5,0.55,0.45,120,1,0.2604166666666667,0.3236111111111111,0.7395833333333334,0.6763888888888889,0.0
asymmetric_quality_path,0.5,0.55,0.45,120,2,0.23958333333333334,0.32222222222222224,0.7604166666666666,0.6777777777777778,0.0
asymmetric_quality_path,0.5,0.55,0.45,120,3,0.2125,0.36666666666666664,0.7875,0.6333333333333333,0.0
asymmetric_quality_path,0.525,0.5750000000000001,0.47500000000000003,120,1,0.25625,0.32916666666666666,0.74375,0.6708333333333333,0.0
asymmetric_quality_path,0.525,0.5750000000000001,0.47500000000000003,120,2,0.22291666666666668,0.32916666666666666,0.7770833333333333,0.6708333333333333,0.0
asymmetric_quality_path,0.525,0.5750000000000001,0.47500000000000003,120,3,0.20833333333333334,0.37222222222222223,0.7916666666666666,0.6277777777777778,0.0
asymmetric_quality_path,0.55,0.6000000000000001,0.5,120,1,0.24583333333333332,0.33611111111111114,0.7541666666666667,0.6638888888888889,0.0
asymmetric_quality_path,0.55,0.6000000000000001,0.5,120,2,0.2125,0.3388888888888889,0.7875,0.6611111111111111,0.0
asymmetric_quality_path,0.55,0.6000000000000001,0.5,120,3,0.20208333333333334,0.37777777777777777,0.7979166666666667,0.6222222222222222,0.0
asymmetric_quality_path,0.5750000000000001,0.6250000000000001,0.525,120,1,0.23333333333333334,0.3416666666666667,0.7666666666666667,0.6583333333333333,0.0
asymmetric_quality_path,0.5750000000000001,0.6250000000000001,0.525,120,2,0.19791666666666666,0.3486111111111111,0.8020833333333334,0.6513888888888889,0.0
asymmetric_quality_path,0.5750000000000001,0.6250000000000001,0.525,120,3,0.19583333333333333,0.38472222222222224,0.8041666666666667,0.6152777777777778,0.0
asymmetric_quality_path,0.6000000000000001,0.6500000000000001,0.55,120,1,0.22083333333333333,0.3527777777777778,0.7791666666666667,0.6472222222222223,0.0
asymmetric_quality_path,0.6000000000000001,0.6500000000000001,0.55,120,2,0.18333333333333332,0.35833333333333334,0.8166666666666667,0.6416666666666667,0.0
asymmetric_quality_path,0.6000000000000001,0.6500000000000001,0.55,120,3,0.18125,0.39305555555555555,0.81875,0.6069444444444444,0.0
asymmetric_quality_path,0.6250000000000001,0.6750000000000002,0.5750000000000001,120,1,0.20833333333333334,0.3680555555555556,0.7916666666666666,0.6319444444444444,0.0
asymmetric_quality_path,0.6250000000000001,0.6750000000000002,0.5750000000000001,120,2,0.18333333333333332,0.36666666666666664,0.8166666666666667,0.6333333333333333,0.0
asymmetric_quality_path,0.6250000000000001,0.6750000000000002,0.5750000000000001,120,3,0.16875,0.4,0.83125,0.6,0.0
asymmetric_quality_path,0.6500000000000001,0.7000000000000002,0.6000000000000001,120,1,0.20416666666666666,0.37083333333333335,0.7958333333333333,0.6291666666666667,0.0
asymmetric_quality_path,0.6500000000000001,0.7000000000000002,0.6000000000000001,120,2,0.17916666666666667,0.36666666666666664,0.8208333333333333,0.6333333333333333,0.0
asymmetric_quality_path,0.6500000000000001,0.7000000000000002,0.6000000000000001,120,3,0.16041666666666668,0.40555555555555556,0.8395833333333333,0.5944444444444444,0.0
asymmetric_quality_path,0.6750000000000002,0.7250000000000002,0.6250000000000001,120,1,0.20416666666666666,0.36944444444444446,0.7958333333333333,0.6305555555555555,0.0
asymmetric_quality_path,0.6750000000000002,0.7250000000000002,0.6250000000000001,120,2,0.17291666666666666,0.37083333333333335,0.8270833333333333,0.6291666666666667,0.0
asymmetric_quality_path,0.6750000000000002,0.7250000000000002,0.6250000000000001,120,3,0.15,0.4166666666666667,0.85,0.5833333333333334,0.0
asymmetric_quality_path,0.7000000000000002,0.7500000000000002,0.6500000000000001,120,1,0.18958333333333333,0.3763888888888889,0.8104166666666667,0.6236111111111111,0.0
asymmetric_quality_path,0.7000000000000002,0.7500000000000002,0.6500000000000001,120,2,0.16875,0.37222222222222223,0.83125,0.6277777777777778,0.0
asymmetric_quality_path,0.7000000000000002,0.7500000000000002,0.6500000000000001,120,3,0.13125,0.42777777777777776,0.86875,0.5722222222222222,0.0
asymmetric_quality_path,0.7250000000000002,0.7750000000000002,0.6750000000000002,120,1,0.18541666666666667,0.3763888888888889,0.8145833333333333,0.6236111111111111,0.0
asymmetric_quality_path,0.7250000000000002,0.7750000000000002,0.6750000000000002,120,2,0.15833333333333333,0.38055555555555554,0.8416666666666667,0.6194444444444445,0.0
asymmetric_quality_path,0.7250000000000002,0.7750000000000002,0.6750000000000002,120,3,0.125,0.4305555555555556,0.875,0.5694444444444444,0.0
asymmetric_quality_path,0.7500000000000002,0.8000000000000003,0.7000000000000002,120,1,0.175,0.3861111111111111,0.825,0.6138888888888889,0.0
asymmetric_quality_path,0.7500000000000002,0.8000000000000003,0.7000000000000002,120,2,0.14791666666666667,0.38472222222222224,0.8520833333333333,0.6152777777777778,0.0
asymmetric_quality_path,0.7500000000000002,0.8000000000000003,0.7000000000000002,120,3,0.10833333333333334,0.44305555555555554,0.8916666666666667,0.5569444444444445,0.0
asymmetric_quality_path,0.7750000000000002,0.8250000000000003,0.7250000000000002,120,1,0.15833333333333333,0.3958333333333333,0.8416666666666667,0.6041666666666666,0.0
asymmetric_quality_path,0.7750000000000002,0.8250000000000003,0.7250000000000002,120,2,0.13958333333333334,0.39166666666666666,0.8604166666666667,0.6083333333333333,0.0
asymmetric_quality_path,0.7750000000000002,0.8250000000000003,0.7250000000000002,120,3,0.11041666666666666,0.44027777777777777,0.8895833333333333,0.5597222222222222,0.0
asymmetric_quality_path,0.8000000000000003,0.8500000000000003,0.7500000000000002,120,1,0.15625,0.39861111111111114,0.84375,0.6013888888888889,0.0
asymmetric_quality_path,0.8000000000000003,0.8500000000000003,0.7500000000000002,120,2,0.12916666666666668,0.4013888888888889,0.8708333333333333,0.5986111111111111,0.0
asymmetric_quality_path,0.8000000000000003,0.8500000000000003,0.7500000000000002,120,3,0.1,0.4486111111111111,0.9,0.5513888888888889,0.0
asymmetric_quality_path,0.8250000000000003,0.8750000000000003,0.7750000000000002,120,1,0.15208333333333332,0.4027777777777778,0.8479166666666667,0.5972222222222222,0.0
asymmetric_quality_path,0.8250000000000003,0.8750000000000003,0.7750000000000002,120,2,0.125,0.40694444444444444,0.875,0.5930555555555556,0.0
asymmetric_quality_path,0.8250000000000003,0.8750000000000003,0.7750000000000002,120,3,0.1,0.45,0.9,0.55,0.0
asymmetric_quality_path,0.8500000000000003,0.9000000000000004,0.8000000000000003,120,1,0.14166666666666666,0.4083333333333333,0.8583333333333333,0.5916666666666667,0.0
asymmetric_quality_path,0.8500000000000003,0.9000000000000004,0.8000000000000003,120,2,0.11666666666666667,0.4125,0.8833333333333333,0.5875,0.0
asymmetric_quality_path,0.8500000000000003,0.9000000000000004,0.8000000000000003,120,3,0.09583333333333334,0.45555555555555555,0.9041666666666667,0.5444444444444444,0.0
asymmetric_quality_path,0.8750000000000003,0.9250000000000004,0.8250000000000003,120,1,0.1375,0.4125,0.8625,0.5875,0.0
asymmetric_quality_path,0.8750000000000003,0.9250000000000004,0.8250000000000003,120,2,0.11041666666666666,0.41944444444444445,0.8895833333333333,0.5805555555555556,0.0
asymmetric_quality_path,0.8750000000000003,0.9250000000000004,0.8250000000000003,120,3,0.08958333333333333,0.4583333333333333,0.9104166666666667,0.5416666666666666,0.0
asymmetric_quality_path,0.9000000000000004,0.9500000000000004,0.8500000000000003,120,1,0.13333333333333333,0.4166666666666667,0.8666666666666667,0.5833333333333334,0.0
asymmetric_quality_path,0.9000000000000004,0.9500000000000004,0.8500000000000003,120,2,0.10625,0.425,0.89375,0.575,0.0
asymmetric_quality_path,0.9000000000000004,0.9500000000000004,0.8500000000000003,120,3,0.08541666666666667,0.4666666666666667,0.9145833333333333,0.5333333333333333,0.0
asymmetric_quality_path,0.5,0.55,0.45,125,1,0.25625,0.3,0.74375,0.7,0.0
asymmetric_quality_path,0.5,0.55,0.45,125,2,0.22083333333333333,0.30694444444444446,0.7791666666666667,0.6930555555555555,0.0
asymmetric_quality_path,0.5,0.55,0.45,125,3,0.19166666666666668,0.3541666666666667,0.8083333333333333,0.6458333333333334,0.0
asymmetric_quality_path,0.525,0.5750000000000001,0.47500000000000003,125,1,0.24791666666666667,0.3055555555555556,0.7520833333333333,0.6944444444444444,0.0
asymmetric_quality_path,0.525,0.5750000000000001,0.47500000000000003,125,2,0.20625,0.3138888888888889,0.79375,0.6861111111111111,0.0
asymmetric_quality_path,0.525,0.5750000000000001,0.47500000000000003,125,3,0.1875,0.35694444444444445,0.8125,0.6430555555555556,0.0
asymmetric_quality_path,0.55,0.6000000000000001,0.5,125,1,0.23958333333333334,0.3125,0.7604166666666666,0.6875,0.0
asymmetric_quality_path,0.55,0.6000000000000001,0.5,125,2,0.19583333333333333,0.3236111111111111,0.8041666666666667,0.6763888888888889,0.0
asymmetric_quality_path,0.55,0.6000000000000001,0.5,125,3,0.17916666666666667,0.36527777777777776,0.8208333333333333,0.6347222222222222,0.0
asymmetric_quality_path,0.5750000000000001,0.6250000000000001,0.525,125,1,0.22708333333333333,0.32083333333333336,0.7729166666666667,0.6791666666666667,0.0
asymmetric_quality_path,0.5750000000000001,0.6250000000000001,0.525,125,2,0.18958333333333333,0.3263888888888889,0.8104166666666667,0.6736111111111112,0.0
asymmetric_quality_path,0.5750000000000001,0.6250000000000001,0.525,125,3,0.175,0.36944444444444446,0.825,0.6305555555555555,0.0
asymmetric_quality_path,0.6000000000000001,0.6500000000000001,0.55,125,1,0.21875,0.3263888888888889,0.78125,0.6736111111111112,0.0
asymmetric_quality_path,0.6000000000000001,0.6500000000000001,0.55,125,2,0.17708333333333334,0.3347222222222222,0.8229166666666666,0.6652777777777777,0.0
asymmetric_quality_path,0.6000000000000001,0.6500000000000001,0.55,125,3,0.1625,0.375,0.8375,0.625,0.0
asymmetric_quality_path,0.6250000000000001,0.6750000000000002,0.5750000000000001,125,1,0.20208333333333334,0.34305555555555556,0.7979166666666667,0.6569444444444444,0.0
asymmetric_quality_path,0.6250000000000001,0.6750000000000002,0.5750000000000001,125,2,0.17708333333333334,0.3388888888888889,0.8229166666666666,0.6611111111111111,0.0
asymmetric_quality_path,0.6250000000000001,0.6750000000000002,0.5750000000000001,125,3,0.15,0.3819444444444444,0.85,0.6180555555555556,0.0
asymmetric_quality_path,0.6500000000000001,0.7000000000000002,0.6000000000000001,125,1,0.19583333333333333,0.3472222222222222,0.8041666666666667,0.6527777777777778,0.0
asymmetric_quality_path,0.6500000000000001,0.7000000000000002,0.6000000000000001,125,2,0.17291666666666666,0.34305555555555556,0.8270833333333333,0.6569444444444444,0.0
asymmetric_quality_path,0.6500000000000001,0.7000000000000002,0.6000000000000001,125,3,0.14375,0.3875,0.85625,0.6125,0.0
asymmetric_quality_path,0.6750000000000002,0.7250000000000002,0.6250000000000001,125,1,0.2,0.3416666666666667,0.8,0.6583333333333333,0.0
asymmetric_quality_path,0.6750000000000002,0.7250000000000002,0.6250000000000001,125,2,0.16875,0.3458333333333333,0.83125,0.6541666666666667,0.0
asymmetric_quality_path,0.6750000000000002,0.7250000000000002,0.6250000000000001,125,3,0.1375,0.3958333333333333,0.8625,0.6041666666666666,0.0
asymmetric_quality_path,0.7000000000000002,0.7500000000000002,0.6500000000000001,125,1,0.18125,0.3527777777777778,0.81875,0.6472222222222223,0.0
asymmetric_quality_path,0.7000000000000002,0.7500000000000002,0.6500000000000001,125,2,0.1625,0.3472222222222222,0.8375,0.6527777777777778,0.0
asymmetric_quality_path,0.7000000000000002,0.7500000000000002,0.6500000000000001,125,3,0.12291666666666666,0.4041666666666667,0.8770833333333333,0.5958333333333333,0.0
asymmetric_quality_path,0.7250000000000002,0.7750000000000002,0.6750000000000002,125,1,0.175,0.35555555555555557,0.825,0.6444444444444445,0.0
asymmetric_quality_path,0.7250000000000002,0.7750000000000002,0.6750000000000002,125,2,0.15,0.35833333333333334,0.85,0.6416666666666667,0.0
asymmetric_quality_path,0.7250000000000002,0.7750000000000002,0.6750000000000002,125,3,0.11875,0.40694444444444444,0.88125,0.5930555555555556,0.0
asymmetric_quality_path,0.7500000000000002,0.8000000000000003,0.7000000000000002,125,1,0.16458333333333333,0.36527777777777776,0.8354166666666667,0.6347222222222222,0.0
asymmetric_quality_path,0.7500000000000002,0.8000000000000003,0.7000000000000002,125,2,0.13541666666666666,0.36527777777777776,0.8645833333333334,0.6347222222222222,0.0
asymmetric_quality_path,0.7500000000000002,0.8000000000000003,0.7000000000000002,125,3,0.1,0.42083333333333334,0.9,0.5791666666666667,0.0
asymmetric_quality_path,0.7750000000000002,0.8250000000000003,0.7250000000000002,125,1,0.15416666666666667,0.37222222222222223,0.8458333333333333,0.6277777777777778,0.0
asymmetric_quality_path,0.7750000000000002,0.8250000000000003,0.7250000000000002,125,2,0.12916666666666668,0.3763888888888889,0.8708333333333333,0.6236111111111111,0.0
asymmetric_quality_path,0.7750000000000002,0.8250000000000003,0.7250000000000002,125,3,0.09791666666666667,0.41944444444444445,0.9020833333333333,0.5805555555555556,0.0
asymmetric_quality_path,0.8000000000000003,0.8500000000000003,0.7500000000000002,125,1,0.15,0.375,0.85,0.625,0.0
asymmetric_quality_path,0.8000000000000003,0.8500000000000003,0.7500000000000002,125,2,0.11875,0.38055555555555554,0.88125,0.6194444444444445,0.0
asymmetric_quality_path,0.8000000000000003,0.8500000000000003,0.7500000000000002,125,3,0.09375,0.4263888888888889,0.90625,0.5736111111111111,0.0
asymmetric_quality_path,0.8250000000000003,0.8750000000000003,0.7750000000000002,125,1,0.14791666666666667,0.3763888888888889,0.8520833333333333,0.6236111111111111,0.0
asymmetric_quality_path,0.8250000000000003,0.8750000000000003,0.7750000000000002,125,2,0.11458333333333333,0.3902777777777778,0.8854166666666666,0.6097222222222223,0.0
asymmetric_quality_path,0.8250000000000003,0.8750000000000003,0.7750000000000002,125,3,0.09166666666666666,0.43194444444444446,0.9083333333333333,0.5680555555555555,0.0
asymmetric_quality_path,0.8500000000000003,0.9000000000000004,0.8000000000000003,125,1,0.13958333333333334,0.3819444444444444,0.8604166666666667,0.6180555555555556,0.0
asymmetric_quality_path,0.8500000000000003,0.9000000000000004,0.8000000000000003,125,2,0.10625,0.3972222222222222,0.89375,0.6027777777777777,0.0
asymmetric_quality_path,0.8500000000000003,0.9000000000000004,0.8000000000000003,125,3,0.08958333333333333,0.43472222222222223,0.9104166666666667,0.5652777777777778,0.0
asymmetric_quality_path,0.8750000000000003,0.9250000000000004,0.8250000000000003,125,1,0.1375,0.38472222222222224,0.8625,0.6152777777777778,0.0
asymmetric_quality_path,0.8750000000000003,0.9250000000000004,0.8250000000000003,125,2,0.10625,0.39861111111111114,0.89375,0.6013888888888889,0.0
asymmetric_quality_path,0.8750000000000003,0.9250000000000004,0.8250000000000003,125,3,0.08333333333333333,0.43194444444444446,0.9166666666666666,0.5680555555555555,0.0
asymmetric_quality_path,0.9000000000000004,0.9500000000000004,0.8500000000000003,125,1,0.13333333333333333,0.3888888888888889,0.8666666666666667,0.6111111111111112,0.0
asymmetric_quality_path,0.9000000000000004,0.9500000000000004,0.8500000000000003,125,2,0.10416666666666667,0.4027777777777778,0.8958333333333334,0.5972222222222222,0.0
asymmetric_quality_path,0.9000000000000004,0.9500000000000004,0.8500000000000003,125,3,0.07916666666666666,0.4375,0.9208333333333333,0.5625,0.0
asymmetric_quality_path,0.5,0.55,0.45,130,1,0.23333333333333334,0.2902777777777778,0.7666666666666667,0.7097222222222223,0.0
asymmetric_quality_path,0.5,0.55,0.45,130,2,0.20833333333333334,0.2916666666666667,0.7916666666666666,0.7083333333333334,0.0
asymmetric_quality_path,0.5,0.55,0.45,130,3,0.17708333333333334,0.3347222222222222,0.8229166666666666,0.6652777777777777,0.0
asymmetric_quality_path,0.525,0.5750000000000001,0.47500000000000003,130,1,0.22708333333333333,0.29583333333333334,0.7729166666666667,0.7041666666666667,0.0
asymmetric_quality_path,0.525,0.5750000000000001,0.47500000000000003,130,2,0.2,0.2902777777777778,0.8,0.7097222222222223,0.0
asymmetric_quality_path,0.525,0.5750000000000001,0.47500000000000003,130,3,0.18541666666666667,0.33055555555555555,0.8145833333333333,0.6694444444444444,0.0
asymmetric_quality_path,0.55,0.6000000000000001,0.5,130,1,0.22083333333333333,0.3,0.7791666666666667,0.7,0.0
asymmetric_quality_path,0.55,0.6000000000000001,0.5,130,2,0.18958333333333333,0.2986111111111111,0.8104166666666667,0.7013888888888888,0.0
asymmetric_quality_path,0.55,0.6000000000000001,0.5,130,3,0.18125,0.33611111111111114,0.81875,0.6638888888888889,0.0
asymmetric_quality_path,0.5750000000000001,0.6250000000000001,0.525,130,1,0.21458333333333332,0.3055555555555556,0.7854166666666667,0.6944444444444444,0.0
asymmetric_quality_path,0.5750000000000001,0.6250000000000001,0.525,130,2,0.18333333333333332,0.30277777777777776,0.8166666666666667,0.6972222222222222,0.0
asymmetric_quality_path,0.5750000000000001,0.6250000000000001,0.525,130,3,0.17291666666666666,0.34305555555555556,0.8270833333333333,0.6569444444444444,0.0
asymmetric_quality_path,0.6000000000000001,0.6500000000000001,0.55,130,1,0.19791666666666666,0.31805555555555554,0.8020833333333334,0.6819444444444445,0.0
asymmetric_quality_path,0.6000000000000001,0.6500000000000001,0.55,130,2,0.17291666666666666,0.3111111111111111,0.8270833333333333,0.6888888888888889,0.0
asymmetric_quality_path,0.6000000000000001,0.6500000000000001,0.55,130,3,0.15625,0.35138888888888886,0.84375,0.6486111111111111,0.0
asymmetric_quality_path,0.6250000000000001,0.6750000000000002,0.5750000000000001,130,1,0.18541666666666667,0.33055555555555555,0.8145833333333333,0.6694444444444444,0.0
asymmetric_quality_path,0.6250000000000001,0.6750000000000002,0.5750000000000001,130,2,0.16666666666666666,0.3194444444444444,0.8333333333333334,0.6805555555555556,0.0
asymmetric_quality_path,0.6250000000000001,0.6750000000000002,0.5750000000000001,130,3,0.14791666666666667,0.35833333333333334,0.8520833333333333,0.6416666666666667,0.0
asymmetric_quality_path,0.6500000000000001,0.7000000000000002,0.6000000000000001,130,1,0.17916666666666667,0.33611111111111114,0.8208333333333333,0.6638888888888889,0.0
asymmetric_quality_path,0.6500000000000001,0.7000000000000002,0.6000000000000001,130,2,0.15833333333333333,0.3263888888888889,0.8416666666666667,0.6736111111111112,0.0
asymmetric_quality_path,0.6500000000000001,0.7000000000000002,0.6000000000000001,130,3,0.13958333333333334,0.36527777777777776,0.8604166666666667,0.6347222222222222,0.0
asymmetric_quality_path,0.6750000000000002,0.7250000000000002,0.6250000000000001,130,1,0.18125,0.33194444444444443,0.81875,0.6680555555555555,0.0
asymmetric_quality_path,0.6750000000000002,0.7250000000000002,0.6250000000000001,130,2,0.15208333333333332,0.33055555555555555,0.8479166666666667,0.6694444444444444,0.0
asymmetric_quality_path,0.6750000000000002,0.7250000000000002,0.6250000000000001,130,3,0.13333333333333333,0.37083333333333335,0.8666666666666667,0.6291666666666667,0.0
asymmetric_quality_path,0.7000000000000002,0.7500000000000002,0.6500000000000001,130,1,0.16666666666666666,0.3375,0.8333333333333334,0.6625,0.0
asymmetric_quality_path,0.7000000000000002,0.7500000000000002,0.6500000000000001,130,2,0.14583333333333334,0.33194444444444443,0.8541666666666666,0.6680555555555555,0.0
asymmetric_quality_path,0.7000000000000002,0.7500000000000002,0.6500000000000001,130,3,0.10833333333333334,0.3888888888888889,0.8916666666666667,0.6111111111111112,0.0
asymmetric_quality_path,0.7250000000000002,0.7750000000000002,0.6750000000000002,130,1,0.16666666666666666,0.33611111111111114,0.8333333333333334,0.6638888888888889,0.0
asymmetric_quality_path,0.7250000000000002,0.7750000000000002,0.6750000000000002,130,2,0.1375,0.3416666666666667,0.8625,0.6583333333333333,0.0
asymmetric_quality_path,0.7250000000000002,0.7750000000000002,0.6750000000000002,130,3,0.10833333333333334,0.3888888888888889,0.8916666666666667,0.6111111111111112,0.0
asymmetric_quality_path,0.7500000000000002,0.8000000000000003,0.7000000000000002,130,1,0.1625,0.3402777777777778,0.8375,0.6597222222222222,0.0
asymmetric_quality_path,0.7500000000000002,0.8000000000000003,0.7000000000000002,130,2,0.12708333333333333,0.35,0.8729166666666667,0.65,0.0
asymmetric_quality_path,0.7500000000000002,0.8000000000000003,0.7000000000000002,130,3,0.1,0.3958333333333333,0.9,0.6041666666666666,0.0
asymmetric_quality_path,0.7750000000000002,0.8250000000000003,0.7250000000000002,130,1,0.15208333333333332,0.3472222222222222,0.8479166666666667,0.6527777777777778,0.0
asymmetric_quality_path,0.7750000000000002,0.8250000000000003,0.7250000000000002,130,2,0.12291666666666666,0.35694444444444445,0.8770833333333333,0.6430555555555556,0.0
asymmetric_quality_path,0.7750000000000002,0.8250000000000003,0.7250000000000002,130,3,0.09791666666666667,0.39305555555555555,0.9020833333333333,0.6069444444444444,0.0
asymmetric_quality_path,0.8000000000000003,0.8500000000000003,0.7500000000000002,130,1,0.15,0.3472222222222222,0.85,0.6527777777777778,0.0
asymmetric_quality_path,0.8000000000000003,0.8500000000000003,0.7500000000000002,130,2,0.11666666666666667,0.3638888888888889,0.8833333333333333,0.6361111111111111,0.0
asymmetric_quality_path,0.8000000000000003,0.8500000000000003,0.7500000000000002,130,3,0.09375,0.4,0.90625,0.6,0.0
asymmetric_quality_path,0.8250000000000003,0.8750000000000003,0.7750000000000002,130,1,0.14791666666666667,0.35,0.8520833333333333,0.65,0.0
asymmetric_quality_path,0.8250000000000003,0.8750000000000003,0.7750000000000002,130,2,0.1125,0.3680555555555556,0.8875,0.6319444444444444,0.0
asymmetric_quality_path,0.8250000000000003,0.8750000000000003,0.7750000000000002,130,3,0.09166666666666666,0.4,0.9083333333333333,0.6,0.0
asymmetric_quality_path,0.8500000000000003,0.9000000000000004,0.8000000000000003,130,1,0.13958333333333334,0.35555555555555557,0.8604166666666667,0.6444444444444445,0.0
asymmetric_quality_path,0.8500000000000003,0.9000000000000004,0.8000000000000003,130,2,0.10625,0.37222222222222223,0.89375,0.6277777777777778,0.0
asymmetric_quality_path,0.8500000000000003,0.9000000000000004,0.8000000000000003,130,3,0.08541666666666667,0.40694444444444444,0.9145833333333333,0.5930555555555556,0.0
asymmetric_quality_path,0.8750000000000003,0.9250000000000004,0.8250000000000003,130,1,0.1375,0.3597222222222222,0.8625,0.6402777777777777,0.0
asymmetric_quality_path,0.8750000000000003,0.9250000000000004,0.8250000000000003,130,2,0.10625,0.37083333333333335,0.89375,0.6291666666666667,0.0
asymmetric_quality_path,0.8750000000000003,0.9250000000000004,0.8250000000000003,130,3,0.07708333333333334,0.40694444444444444,0.9229166666666667,0.5930555555555556,0.0
asymmetric_quality_path,0.9000000000000004,0.9500000000000004,0.8500000000000003,130,1,0.13333333333333333,0.36527777777777776,0.8666666666666667,0.6347222222222222,0.0
asymmetric_quality_path,0.9000000000000004,0.9500000000000004,0.8500000000000003,130,2,0.10416666666666667,0.37222222222222223,0.8958333333333334,0.6277777777777778,0.0
asymmetric_quality_path,0.9000000000000004,0.9500000000000004,0.8500000000000003,130,3,0.075,0.4125,0.925,0.5875,0.0
asymmetric_quality_path,0.5,0.55,0.45,135,1,0.21666666666666667,0.28194444444444444,0.7833333333333333,0.7180555555555556,0.0
asymmetric_quality_path,0.5,0.55,0.45,135,2,0.19166666666666668,0.2791666666666667,0.8083333333333333,0.7208333333333333,0.0
asymmetric_quality_path,0.5,0.55,0.45,135,3,0.16666666666666666,0.31527777777777777,0.8333333333333334,0.6847222222222222,0.0
asymmetric_quality_path,0.525,0.5750000000000001,0.47500000000000003,135,1,0.21875,0.2791666666666667,0.78125,0.7208333333333333,0.0
asymmetric_quality_path,0.525,0.5750000000000001,0.47500000000000003,135,2,0.18333333333333332,0.2791666666666667,0.8166666666666667,0.7208333333333333,0.0
asymmetric_quality_path,0.525,0.5750000000000001,0.47500000000000003,135,3,0.16458333333333333,0.31805555555555554,0.8354166666666667,0.6819444444444445,0.0
asymmetric_quality_path,0.55,0.6000000000000001,0.5,135,1,0.20208333333333334,0.2902777777777778,0.7979166666666667,0.7097222222222223,0.0
asymmetric_quality_path,0.55,0.6000000000000001,0.5,135,2,0.17291666666666666,0.2861111111111111,0.8270833333333333,0.7138888888888889,0.0
asymmetric_quality_path,0.55,0.6000000000000001,0.5,135,3,0.15833333333333333,0.32222222222222224,0.8416666666666667,0.6777777777777778,0.0
asymmetric_quality_path,0.5750000000000001,0.6250000000000001,0.525,135,1,0.19583333333333333,0.29583333333333334,0.8041666666666667,0.7041666666666667,0.0
asymmetric_quality_path,0.5750000000000001,0.6250000000000001,0.525,135,2,0.16041666666666668,0.29305555555555557,0.8395833333333333,0.7069444444444445,0.0
asymmetric_quality_path,0.5750000000000001,0.6250000000000001,0.525,135,3,0.15416666666666667,0.3263888888888889,0.8458333333333333,0.6736111111111112,0.0
asymmetric_quality_path,0.6000000000000001,0.6500000000000001,0.55,135,1,0.19166666666666668,0.2972222222222222,0.8083333333333333,0.7027777777777777,0.0
asymmetric_quality_path,0.6000000000000001,0.6500000000000001,0.55,135,2,0.14791666666666667,0.30277777777777776,0.8520833333333333,0.6972222222222222,0.0
asymmetric_quality_path,0.6000000000000001,0.6500000000000001,0.55,135,3,0.12708333333333333,0.34305555555555556,0.8729166666666667,0.6569444444444444,0.0
asymmetric_quality_path,0.6250000000000001,0.6750000000000002,0.5750000000000001,135,1,0.18333333333333332,0.30277777777777776,0.8166666666666667,0.6972222222222222,0.0
asymmetric_quality_path,0.6250000000000001,0.6750000000000002,0.5750000000000001,135,2,0.14375,0.3138888888888889,0.85625,0.6861111111111111,0.0
asymmetric_quality_path,0.6250000000000001,0.6750000000000002,0.5750000000000001,135,3,0.13541666666666666,0.3375,0.8645833333333334,0.6625,0.0
asymmetric_quality_path,0.6500000000000001,0.7000000000000002,0.6000000000000001,135,1,0.17916666666666667,0.30694444444444446,0.8208333333333333,0.6930555555555555,0.0
asymmetric_quality_path,0.6500000000000001,0.7000000000000002,0.6000000000000001,135,2,0.1375,0.31805555555555554,0.8625,0.6819444444444445,0.0
asymmetric_quality_path,0.6500000000000001,0.7000000000000002,0.6000000000000001,135,3,0.12708333333333333,0.3416666666666667,0.8729166666666667,0.6583333333333333,0.0
asymmetric_quality_path,0.6750000000000002,0.7250000000000002,0.6250000000000001,135,1,0.17916666666666667,0.30694444444444446,0.8208333333333333,0.6930555555555555,0.0
asymmetric_quality_path,0.6750000000000002,0.7250000000000002,0.6250000000000001,135,2,0.13541666666666666,0.32083333333333336,0.8645833333333334,0.6791666666666667,0.0
asymmetric_quality_path,0.6750000000000002,0.7250000000000002,0.6250000000000001,135,3,0.10625,0.35833333333333334,0.89375,0.6416666666666667,0.0
asymmetric_quality_path,0.7000000000000002,0.7500000000000002,0.6500000000000001,135,1,0.16666666666666666,0.30972222222222223,0.8333333333333334,0.6902777777777778,0.0
asymmetric_quality_path,0.7000000000000002,0.7500000000000002,0.6500000000000001,135,2,0.13333333333333333,0.32222222222222224,0.8666666666666667,0.6777777777777778,0.0
asymmetric_quality_path,0.7000000000000002,0.7500000000000002,0.6500000000000001,135,3,0.1,0.36527777777777776,0.9,0.6347222222222222,0.0
asymmetric_quality_path,0.7250000000000002,0.7750000000000002,0.6750000000000002,135,1,0.16458333333333333,0.3125,0.8354166666666667,0.6875,0.0
asymmetric_quality_path,0.7250000000000002,0.7750000000000002,0.6750000000000002,135,2,0.13333333333333333,0.32083333333333336,0.8666666666666667,0.6791666666666667,0.0
asymmetric_quality_path,0.7250000000000002,0.7750000000000002,0.6750000000000002,135,3,0.1,0.3625,0.9,0.6375,0.0
asymmetric_quality_path,0.7500000000000002,0.8000000000000003,0.7000000000000002,135,1,0.1625,0.31527777777777777,0.8375,0.6847222222222222,0.0
asymmetric_quality_path,0.7500000000000002,0.8000000000000003,0.7000000000000002,135,2,0.125,0.32222222222222224,0.875,0.6777777777777778,0.0
asymmetric_quality_path,0.7500000000000002,0.8000000000000003,0.7000000000000002,135,3,0.09166666666666666,0.37222222222222223,0.9083333333333333,0.6277777777777778,0.0
asymmetric_quality_path,0.7750000000000002,0.8250000000000003,0.7250000000000002,135,1,0.15208333333333332,0.32222222222222224,0.8479166666666667,0.6777777777777778,0.0
asymmetric_quality_path,0.7750000000000002,0.8250000000000003,0.7250000000000002,135,2,0.12291666666666666,0.3263888888888889,0.8770833333333333,0.6736111111111112,0.0
asymmetric_quality_path,0.7750000000000002,0.8250000000000003,0.7250000000000002,135,3,0.0875,0.375,0.9125,0.625,0.0
asymmetric_quality_path,0.8000000000000003,0.8500000000000003,0.7500000000000002,135,1,0.15,0.325,0.85,0.675,0.0
asymmetric_quality_path,0.8000000000000003,0.8500000000000003,0.7500000000000002,135,2,0.11666666666666667,0.33055555555555555,0.8833333333333333,0.6694444444444444,0.0
asymmetric_quality_path,0.8000000000000003,0.8500000000000003,0.7500000000000002,135,3,0.08125,0.38055555555555554,0.91875,0.6194444444444445,0.0
asymmetric_quality_path,0.8250000000000003,0.8750000000000003,0.7750000000000002,135,1,0.14791666666666667,0.3277777777777778,0.8520833333333333,0.6722222222222223,0.0
asymmetric_quality_path,0.8250000000000003,0.8750000000000003,0.7750000000000002,135,2,0.1125,0.3347222222222222,0.8875,0.6652777777777777,0.0
asymmetric_quality_path,0.8250000000000003,0.8750000000000003,0.7750000000000002,135,3,0.08125,0.38055555555555554,0.91875,0.6194444444444445,0.0
asymmetric_quality_path,0.8500000000000003,0.9000000000000004,0.8000000000000003,135,1,0.13958333333333334,0.33194444444444443,0.8604166666666667,0.6680555555555555,0.0
asymmetric_quality_path,0.8500000000000003,0.9000000000000004,0.8000000000000003,135,2,0.10625,0.3388888888888889,0.89375,0.6611111111111111,0.0
asymmetric_quality_path,0.8500000000000003,0.9000000000000004,0.8000000000000003,135,3,0.07916666666666666,0.38055555555555554,0.9208333333333333,0.6194444444444445,0.0
asymmetric_quality_path,0.8750000000000003,0.9250000000000004,0.8250000000000003,135,1,0.1375,0.33055555555555555,0.8625,0.6694444444444444,0.0
asymmetric_quality_path,0.8750000000000003,0.9250000000000004,0.8250000000000003,135,2,0.10625,0.3375,0.89375,0.6625,0.0
asymmetric_quality_path,0.8750000000000003,0.9250000000000004,0.8250000000000003,135,3,0.075,0.37916666666666665,0.925,0.6208333333333333,0.0
asymmetric_quality_path,0.9000000000000004,0.9500000000000004,0.8500000000000003,135,1,0.13333333333333333,0.3375,0.8666666666666667,0.6625,0.0
asymmetric_quality_path,0.9000000000000004,0.9500000000000004,0.8500000000000003,135,2,0.10416666666666667,0.3416666666666667,0.8958333333333334,0.6583333333333333,0.0
asymmetric_quality_path,0.9000000000000004,0.9500000000000004,0.8500000000000003,135,3,0.07291666666666667,0.38055555555555554,0.9270833333333334,0.6194444444444445,0.0
asymmetric_quality_path,0.5,0.55,0.45,140,1,0.19583333333333333,0.26944444444444443,0.8041666666666667,0.7305555555555555,0.0
asymmetric_quality_path,0.5,0.55,0.45,140,2,0.17291666666666666,0.26666666666666666,0.8270833333333333,0.7333333333333333,0.0
asymmetric_quality_path,0.5,0.55,0.45,140,3,0.15208333333333332,0.30277777777777776,0.8479166666666667,0.6972222222222222,0.0
asymmetric_quality_path,0.525,0.5750000000000001,0.47500000000000003,140,1,0.19583333333333333,0.26805555555555555,0.8041666666666667,0.7319444444444444,0.0
asymmetric_quality_path,0.525,0.5750000000000001,0.47500000000000003,140,2,0.1625,0.2708333333333333,0.8375,0.7291666666666666,0.0
asymmetric_quality_path,0.525,0.5750000000000001,0.47500000000000003,140,3,0.14583333333333334,0.30694444444444446,0.8541666666666666,0.6930555555555555,0.0
asymmetric_quality_path,0.55,0.6000000000000001,0.5,140,1,0.19166666666666668,0.2722222222222222,0.8083333333333333,0.7277777777777777,0.0
asymmetric_quality_path,0.55,0.6000000000000001,0.5,140,2,0.15,0.28055555555555556,0.85,0.7194444444444444,0.0
asymmetric_quality_path,0.55,0.6000000000000001,0.5,140,3,0.13958333333333334,0.3125,0.8604166666666667,0.6875,0.0
asymmetric_quality_path,0.5750000000000001,0.6250000000000001,0.525,140,1,0.18541666666666667,0.2777777777777778,0.8145833333333333,0.7222222222222222,0.0
asymmetric_quality_path,0.5750000000000001,0.6250000000000001,0.525,140,2,0.14375,0.28055555555555556,0.85625,0.7194444444444444,0.0
asymmetric_quality_path,0.5750000000000001,0.6250000000000001,0.525,140,3,0.11875,0.325,0.88125,0.675,0.0
asymmetric_quality_path,0.6000000000000001,0.6500000000000001,0.55,140,1,0.17916666666666667,0.28055555555555556,0.8208333333333333,0.7194444444444444,0.0
asymmetric_quality_path,0.6000000000000001,0.6500000000000001,0.55,140,2,0.13958333333333334,0.2875,0.8604166666666667,0.7125,0.0
asymmetric_quality_path,0.6000000000000001,0.6500000000000001,0.55,140,3,0.1125,0.3277777777777778,0.8875,0.6722222222222223,0.0
asymmetric_quality_path,0.6250000000000001,0.6750000000000002,0.5750000000000001,140,1,0.17083333333333334,0.2875,0.8291666666666667,0.7125,0.0
asymmetric_quality_path,0.6250000000000001,0.6750000000000002,0.5750000000000001,140,2,0.1375,0.28888888888888886,0.8625,0.7111111111111111,0.0
asymmetric_quality_path,0.6250000000000001,0.6750000000000002,0.5750000000000001,140,3,0.10208333333333333,0.3333333333333333,0.8979166666666667,0.6666666666666666,0.0
asymmetric_quality_path,0.6500000000000001,0.7000000000000002,0.6000000000000001,140,1,0.16666666666666666,0.2902777777777778,0.8333333333333334,0.7097222222222223,0.0
asymmetric_quality_path,0.6500000000000001,0.7000000000000002,0.6000000000000001,140,2,0.13333333333333333,0.29444444444444445,0.8666666666666667,0.7055555555555556,0.0
asymmetric_quality_path,0.6500000000000001,0.7000000000000002,0.6000000000000001,140,3,0.09791666666666667,0.33611111111111114,0.9020833333333333,0.6638888888888889,0.0
asymmetric_quality_path,0.6750000000000002,0.7250000000000002,0.6250000000000001,140,1,0.16458333333333333,0.2902777777777778,0.8354166666666667,0.7097222222222223,0.0
asymmetric_quality_path,0.6750000000000002,0.7250000000000002,0.6250000000000001,140,2,0.13333333333333333,0.29305555555555557,0.8666666666666667,0.7069444444444445,0.0
asymmetric_quality_path,0.6750000000000002,0.7250000000000002,0.6250000000000001,140,3,0.09583333333333334,0.3402777777777778,0.9041666666666667,0.6597222222222222,0.0
asymmetric_quality_path,0.7000000000000002,0.7500000000000002,0.6500000000000001,140,1,0.15416666666666667,0.29444444444444445,0.8458333333333333,0.7055555555555556,0.0
asymmetric_quality_path,0.7000000000000002,0.7500000000000002,0.6500000000000001,140,2,0.13125,0.29305555555555557,0.86875,0.7069444444444445,0.0
asymmetric_quality_path,0.7000000000000002,0.7500000000000002,0.6500000000000001,140,3,0.09375,0.34305555555555556,0.90625,0.6569444444444444,0.0
asymmetric_quality_path,0.7250000000000002,0.7750000000000002,0.6750000000000002,140,1,0.15208333333333332,0.29444444444444445,0.8479166666666667,0.7055555555555556,0.0
asymmetric_quality_path,0.7250000000000002,0.7750000000000002,0.6750000000000002,140,2,0.13125,0.29305555555555557,0.86875,0.7069444444444445,0.0
asymmetric_quality_path,0.7250000000000002,0.7750000000000002,0.6750000000000002,140,3,0.09375,0.3416666666666667,0.90625,0.6583333333333333,0.0
asymmetric_quality_path,0.7500000000000002,0.8000000000000003,0.7000000000000002,140,1,0.15,0.29583333333333334,0.85,0.7041666666666667,0.0
asymmetric_quality_path,0.7500000000000002,0.8000000000000003,0.7000000000000002,140,2,0.12291666666666666,0.29444444444444445,0.8770833333333333,0.7055555555555556,0.0
asymmetric_quality_path,0.7500000000000002,0.8000000000000003,0.7000000000000002,140,3,0.0875,0.3486111111111111,0.9125,0.6513888888888889,0.0
asymmetric_quality_path,0.7750000000000002,0.8250000000000003,0.7250000000000002,140,1,0.13958333333333334,0.2986111111111111,0.8604166666666667,0.7013888888888888,0.0
asymmetric_quality_path,0.7750000000000002,0.8250000000000003,0.7250000000000002,140,2,0.12083333333333333,0.2986111111111111,0.8791666666666667,0.7013888888888888,0.0
asymmetric_quality_path,0.7750000000000002,0.8250000000000003,0.7250000000000002,140,3,0.08541666666666667,0.3472222222222222,0.9145833333333333,0.6527777777777778,0.0
asymmetric_quality_path,0.8000000000000003,0.8500000000000003,0.7500000000000002,140,1,0.13958333333333334,0.2986111111111111,0.8604166666666667,0.7013888888888888,0.0
asymmetric_quality_path,0.8000000000000003,0.8500000000000003,0.7500000000000002,140,2,0.11458333333333333,0.30416666666666664,0.8854166666666666,0.6958333333333333,0.0
asymmetric_quality_path,0.8000000000000003,0.8500000000000003,0.7500000000000002,140,3,0.08125,0.3527777777777778,0.91875,0.6472222222222223,0.0
asymmetric_quality_path,0.8250000000000003,0.8750000000000003,0.7750000000000002,140,1,0.1375,0.3,0.8625,0.7,0.0
asymmetric_quality_path,0.8250000000000003,0.8750000000000003,0.7750000000000002,140,2,0.10833333333333334,0.30833333333333335,0.8916666666666667,0.6916666666666667,0.0
asymmetric_quality_path,0.8250000000000003,0.8750000000000003,0.7750000000000002,140,3,0.08125,0.35138888888888886,0.91875,0.6486111111111111,0.0
asymmetric_quality_path,0.8500000000000003,0.9000000000000004,0.8000000000000003,140,1,0.13333333333333333,0.30416666666666664,0.8666666666666667,0.6958333333333333,0.0
asymmetric_quality_path,0.8500000000000003,0.9000000000000004,0.8000000000000003,140,2,0.10416666666666667,0.3125,0.8958333333333334,0.6875,0.0
asymmetric_quality_path,0.8500000000000003,0.9000000000000004,0.8000000000000003,140,3,0.07916666666666666,0.35138888888888886,0.9208333333333333,0.6486111111111111,0.0
asymmetric_quality_path,0.8750000000000003,0.9250000000000004,0.8250000000000003,140,1,0.13125,0.30833333333333335,0.86875,0.6916666666666667,0.0
asymmetric_quality_path,0.8750000000000003,0.9250000000000004,0.8250000000000003,140,2,0.10416666666666667,0.31805555555555554,0.8958333333333334,0.6819444444444445,0.0
asymmetric_quality_path,0.8750000000000003,0.9250000000000004,0.8250000000000003,140,3,0.075,0.3527777777777778,0.925,0.6472222222222223,0.0
asymmetric_quality_path,0.9000000000000004,0.9500000000000004,0.8500000000000003,140,1,0.12708333333333333,0.3125,0.8729166666666667,0.6875,0.0
asymmetric_quality_path,0.9000000000000004,0.9500000000000004,0.8500000000000003,140,2,0.10208333333333333,0.32222222222222224,0.8979166666666667,0.6777777777777778,0.0
asymmetric_quality_path,0.9000000000000004,0.9500000000000004,0.8500000000000003,140,3,0.07291666666666667,0.3541666666666667,0.9270833333333334,0.6458333333333334,0.0
asymmetric_quality_path,0.5,0.55,0.45,145,1,0.175,0.2569444444444444,0.825,0.7430555555555556,0.0
asymmetric_quality_path,0.5,0.55,0.45,145,2,0.15833333333333333,0.24722222222222223,0.8416666666666667,0.7527777777777778,0.0
asymmetric_quality_path,0.5,0.55,0.45,145,3,0.12291666666666666,0.29444444444444445,0.8770833333333333,0.7055555555555556,0.0
asymmetric_quality_path,0.525,0.5750000000000001,0.47500000000000003,145,1,0.17083333333333334,0.25972222222222224,0.8291666666666667,0.7402777777777778,0.0
asymmetric_quality_path,0.525,0.5750000000000001,0.47500000000000003,145,2,0.15,0.24861111111111112,0.85,0.7513888888888889,0.0
asymmetric_quality_path,0.525,0.5750000000000001,0.47500000000000003,145,3,0.11875,0.2972222222222222,0.88125,0.7027777777777777,0.0
asymmetric_quality_path,0.55,0.6000000000000001,0.5,145,1,0.16458333333333333,0.2638888888888889,0.8354166666666667,0.7361111111111112,0.0
asymmetric_quality_path,0.55,0.6000000000000001,0.5,145,2,0.14375,0.2569444444444444,0.85625,0.7430555555555556,0.0
asymmetric_quality_path,0.55,0.6000000000000001,0.5,145,3,0.12083333333333333,0.29583333333333334,0.8791666666666667,0.7041666666666667,0.0
asymmetric_quality_path,0.5750000000000001,0.6250000000000001,0.525,145,1,0.16458333333333333,0.26666666666666666,0.8354166666666667,0.7333333333333333,0.0
asymmetric_quality_path,0.5750000000000001,0.6250000000000001,0.525,145,2,0.13958333333333334,0.2625,0.8604166666666667,0.7375,0.0
asymmetric_quality_path,0.5750000000000001,0.6250000000000001,0.525,145,3,0.1125,0.3013888888888889,0.8875,0.6986111111111111,0.0
asymmetric_quality_path,0.6000000000000001,0.6500000000000001,0.55,145,1,0.16041666666666668,0.26805555555555555,0.8395833333333333,0.7319444444444444,0.0
asymmetric_quality_path,0.6000000000000001,0.6500000000000001,0.55,145,2,0.13125,0.26944444444444443,0.86875,0.7305555555555555,0.0
asymmetric_quality_path,0.6000000000000001,0.6500000000000001,0.55,145,3,0.10625,0.30694444444444446,0.89375,0.6930555555555555,0.0
asymmetric_quality_path,0.6250000000000001,0.6750000000000002,0.5750000000000001,145,1,0.15833333333333333,0.2708333333333333,0.8416666666666667,0.7291666666666666,0.0
asymmetric_quality_path,0.6250000000000001,0.6750000000000002,0.5750000000000001,145,2,0.12708333333333333,0.27361111111111114,0.8729166666666667,0.7263888888888889,0.0
asymmetric_quality_path,0.6250000000000001,0.6750000000000002,0.5750000000000001,145,3,0.09791666666666667,0.30972222222222223,0.9020833333333333,0.6902777777777778,0.0
asymmetric_quality_path,0.6500000000000001,0.7000000000000002,0.6000000000000001,145,1,0.15625,0.2763888888888889,0.84375,0.7236111111111111,0.0
asymmetric_quality_path,0.6500000000000001,0.7000000000000002,0.6000000000000001,145,2,0.12708333333333333,0.275,0.8729166666666667,0.725,0.0
asymmetric_quality_path,0.6500000000000001,0.7000000000000002,0.6000000000000001,145,3,0.09375,0.3125,0.90625,0.6875,0.0
asymmetric_quality_path,0.6750000000000002,0.7250000000000002,0.6250000000000001,145,1,0.15,0.2777777777777778,0.85,0.7222222222222222,0.0
asymmetric_quality_path,0.6750000000000002,0.7250000000000002,0.6250000000000001,145,2,0.125,0.275,0.875,0.725,0.0
asymmetric_quality_path,0.6750000000000002,0.7250000000000002,0.6250000000000001,145,3,0.09375,0.31805555555555554,0.90625,0.6819444444444445,0.0
asymmetric_quality_path,0.7000000000000002,0.7500000000000002,0.6500000000000001,145,1,0.14375,0.2763888888888889,0.85625,0.7236111111111111,0.0
asymmetric_quality_path,0.7000000000000002,0.7500000000000002,0.6500000000000001,145,2,0.12291666666666666,0.275,0.8770833333333333,0.725,0.0
asymmetric_quality_path,0.7000000000000002,0.7500000000000002,0.6500000000000001,145,3,0.09166666666666666,0.3194444444444444,0.9083333333333333,0.6805555555555556,0.0
asymmetric_quality_path,0.7250000000000002,0.7750000000000002,0.6750000000000002,145,1,0.13958333333333334,0.2791666666666667,0.8604166666666667,0.7208333333333333,0.0
asymmetric_quality_path,0.7250000000000002,0.7750000000000002,0.6750000000000002,145,2,0.11875,0.2777777777777778,0.88125,0.7222222222222222,0.0
asymmetric_quality_path,0.7250000000000002,0.7750000000000002,0.6750000000000002,145,3,0.09166666666666666,0.31805555555555554,0.9083333333333333,0.6819444444444445,0.0
asymmetric_quality_path,0.7500000000000002,0.8000000000000003,0.7000000000000002,145,1,0.13958333333333334,0.28055555555555556,0.8604166666666667,0.7194444444444444,0.0
asymmetric_quality_path,0.7500000000000002,0.8000000000000003,0.7000000000000002,145,2,0.11041666666666666,0.28055555555555556,0.8895833333333333,0.7194444444444444,0.0
asymmetric_quality_path,0.7500000000000002,0.8000000000000003,0.7000000000000002,145,3,0.08333333333333333,0.3263888888888889,0.9166666666666666,0.6736111111111112,0.0
asymmetric_quality_path,0.7750000000000002,0.8250000000000003,0.7250000000000002,145,1,0.13125,0.2833333333333333,0.86875,0.7166666666666667,0.0
asymmetric_quality_path,0.7750000000000002,0.8250000000000003,0.7250000000000002,145,2,0.10625,0.2847222222222222,0.89375,0.7152777777777778,0.0
asymmetric_quality_path,0.7750000000000002,0.8250000000000003,0.7250000000000002,145,3,0.08125,0.325,0.91875,0.675,0.0
asymmetric_quality_path,0.8000000000000003,0.8500000000000003,0.7500000000000002,145,1,0.13125,0.2861111111111111,0.86875,0.7138888888888889,0.0
asymmetric_quality_path,0.8000000000000003,0.8500000000000003,0.7500000000000002,145,2,0.10208333333333333,0.28888888888888886,0.8979166666666667,0.7111111111111111,0.0
asymmetric_quality_path,0.8000000000000003,0.8500000000000003,0.7500000000000002,145,3,0.07708333333333334,0.33194444444444443,0.9229166666666667,0.6680555555555555,0.0
asymmetric_quality_path,0.8250000000000003,0.8750000000000003,0.7750000000000002,145,1,0.13125,0.2861111111111111,0.86875,0.7138888888888889,0.0
asymmetric_quality_path,0.8250000000000003,0.8750000000000003,0.7750000000000002,145,2,0.1,0.29305555555555557,0.9,0.7069444444444445,0.0
asymmetric_quality_path,0.8250000000000003,0.8750000000000003,0.7750000000000002,145,3,0.07708333333333334,0.32916666666666666,0.9229166666666667,0.6708333333333333,0.0
asymmetric_quality_path,0.8500000000000003,0.9000000000000004,0.8000000000000003,145,1,0.12916666666666668,0.2875,0.8708333333333333,0.7125,0.0
asymmetric_quality_path,0.8500000000000003,0.9000000000000004,0.8000000000000003,145,2,0.09791666666666667,0.29444444444444445,0.9020833333333333,0.7055555555555556,0.0
asymmetric_quality_path,0.8500000000000003,0.9000000000000004,0.8000000000000003,145,3,0.075,0.3263888888888889,0.925,0.6736111111111112,0.0
asymmetric_quality_path,0.8750000000000003,0.9250000000000004,0.8250000000000003,145,1,0.12708333333333333,0.2875,0.8729166666666667,0.7125,0.0
asymmetric_quality_path,0.8750000000000003,0.9250000000000004,0.8250000000000003,145,2,0.09791666666666667,0.29583333333333334,0.9020833333333333,0.7041666666666667,0.0
asymmetric_quality_path,0.8750000000000003,0.9250000000000004,0.8250000000000003,145,3,0.07291666666666667,0.325,0.9270833333333334,0.675,0.0
asymmetric_quality_path,0.9000000000000004,0.9500000000000004,0.8500000000000003,145,1,0.125,0.2902777777777778,0.875,0.7097222222222223,0.0
asymmetric_quality_path,0.9000000000000004,0.9500000000000004,0.8500000000000003,145,2,0.09791666666666667,0.2986111111111111,0.9020833333333333,0.7013888888888888,0.0
asymmetric_quality_path,0.9000000000000004,0.9500000000000004,0.8500000000000003,145,3,0.07083333333333333,0.3277777777777778,0.9291666666666667,0.6722222222222223,0.0
asymmetric_quality_path,0.5,0.55,0.45,150,1,0.15,0.2513888888888889,0.85,0.7486111111111111,0.0
asymmetric_quality_path,0.5,0.55,0.45,150,2,0.13333333333333333,0.2375,0.8666666666666667,0.7625,0.0
asymmetric_quality_path,0.5,0.55,0.45,150,3,0.11041666666666666,0.275,0.8895833333333333,0.725,0.0
asymmetric_quality_path,0.525,0.5750000000000001,0.47500000000000003,150,1,0.14791666666666667,0.25277777777777777,0.8520833333333333,0.7472222222222222,0.0
asymmetric_quality_path,0.525,0.5750000000000001,0.47500000000000003,150,2,0.12916666666666668,0.2388888888888889,0.8708333333333333,0.7611111111111111,0.0
asymmetric_quality_path,0.525,0.5750000000000001,0.47500000000000003,150,3,0.10833333333333334,0.275,0.8916666666666667,0.725,0.0
asymmetric_quality_path,0.55,0.6000000000000001,0.5,150,1,0.14583333333333334,0.25416666666666665,0.8541666666666666,0.7458333333333333,0.0
asymmetric_quality_path,0.55,0.6000000000000001,0.5,150,2,0.125,0.24444444444444444,0.875,0.7555555555555555,0.0
asymmetric_quality_path,0.55,0.6000000000000001,0.5,150,3,0.10833333333333334,0.275,0.8916666666666667,0.725,0.0
asymmetric_quality_path,0.5750000000000001,0.6250000000000001,0.525,150,1,0.14583333333333334,0.25555555555555554,0.8541666666666666,0.7444444444444445,0.0
asymmetric_quality_path,0.5750000000000001,0.6250000000000001,0.525,150,2,0.12291666666666666,0.24861111111111112,0.8770833333333333,0.7513888888888889,0.0
asymmetric_quality_path,0.5750000000000001,0.6250000000000001,0.525,150,3,0.10625,0.2777777777777778,0.89375,0.7222222222222222,0.0
asymmetric_quality_path,0.6000000000000001,0.6500000000000001,0.55,150,1,0.14375,0.25555555555555554,0.85625,0.7444444444444445,0.0
asymmetric_quality_path,0.6000000000000001,0.6500000000000001,0.55,150,2,0.11666666666666667,0.25416666666666665,0.8833333333333333,0.7458333333333333,0.0
asymmetric_quality_path,0.6000000000000001,0.6500000000000001,0.55,150,3,0.1,0.2847222222222222,0.9,0.7152777777777778,0.0
asymmetric_quality_path,0.6250000000000001,0.6750000000000002,0.5750000000000001,150,1,0.14791666666666667,0.25972222222222224,0.8520833333333333,0.7402777777777778,0.0
asymmetric_quality_path,0.6250000000000001,0.6750000000000002,0.5750000000000001,150,2,0.1125,0.25972222222222224,0.8875,0.7402777777777778,0.0
asymmetric_quality_path,0.6250000000000001,0.6750000000000002,0.5750000000000001,150,3,0.09166666666666666,0.2875,0.9083333333333333,0.7125,0.0
asymmetric_quality_path,0.6500000000000001,0.7000000000000002,0.6000000000000001,150,1,0.14791666666666667,0.2625,0.8520833333333333,0.7375,0.0
asymmetric_quality_path,0.6500000000000001,0.7000000000000002,0.6000000000000001,150,2,0.11041666666666666,0.2611111111111111,0.8895833333333333,0.7388888888888889,0.0
asymmetric_quality_path,0.6500000000000001,0.7000000000000002,0.6000000000000001,150,3,0.08958333333333333,0.28888888888888886,0.9104166666666667,0.7111111111111111,0.0
asymmetric_quality_path,0.6750000000000002,0.7250000000000002,0.6250000000000001,150,1,0.15,0.25972222222222224,0.85,0.7402777777777778,0.0
asymmetric_quality_path,0.6750000000000002,0.7250000000000002,0.6250000000000001,150,2,0.11041666666666666,0.2611111111111111,0.8895833333333333,0.7388888888888889,0.0
asymmetric_quality_path,0.6750000000000002,0.7250000000000002,0.6250000000000001,150,3,0.0875,0.2916666666666667,0.9125,0.7083333333333334,0.0
asymmetric_quality_path,0.7000000000000002,0.7500000000000002,0.6500000000000001,150,1,0.1375,0.2625,0.8625,0.7375,0.0
asymmetric_quality_path,0.7000000000000002,0.7500000000000002,0.6500000000000001,150,2,0.10833333333333334,0.2611111111111111,0.8916666666666667,0.7388888888888889,0.0
asymmetric_quality_path,0.7000000000000002,0.7500000000000002,0.6500000000000001,150,3,0.1,0.2833333333333333,0.9,0.7166666666666667,0.0
asymmetric_quality_path,0.7250000000000002,0.7750000000000002,0.6750000000000002,150,1,0.13541666666666666,0.2638888888888889,0.8645833333333334,0.7361111111111112,0.0
asymmetric_quality_path,0.7250000000000002,0.7750000000000002,0.6750000000000002,150,2,0.10833333333333334,0.2611111111111111,0.8916666666666667,0.7388888888888889,0.0
asymmetric_quality_path,0.7250000000000002,0.7750000000000002,0.6750000000000002,150,3,0.09791666666666667,0.2833333333333333,0.9020833333333333,0.7166666666666667,0.0
asymmetric_quality_path,0.7500000000000002,0.8000000000000003,0.7000000000000002,150,1,0.13541666666666666,0.2638888888888889,0.8645833333333334,0.7361111111111112,0.0
asymmetric_quality_path,0.7500000000000002,0.8000000000000003,0.7000000000000002,150,2,0.10416666666666667,0.2625,0.8958333333333334,0.7375,0.0
asymmetric_quality_path,0.7500000000000002,0.8000000000000003,0.7000000000000002,150,3,0.075,0.2972222222222222,0.925,0.7027777777777777,0.0
asymmetric_quality_path,0.7750000000000002,0.8250000000000003,0.7250000000000002,150,1,0.13125,0.26666666666666666,0.86875,0.7333333333333333,0.0
asymmetric_quality_path,0.7750000000000002,0.8250000000000003,0.7250000000000002,150,2,0.10208333333333333,0.2652777777777778,0.8979166666666667,0.7347222222222223,0.0
asymmetric_quality_path,0.7750000000000002,0.8250000000000003,0.7250000000000002,150,3,0.08541666666666667,0.29305555555555557,0.9145833333333333,0.7069444444444445,0.0
asymmetric_quality_path,0.8000000000000003,0.8500000000000003,0.7500000000000002,150,1,0.13125,0.2652777777777778,0.86875,0.7347222222222223,0.0
asymmetric_quality_path,0.8000000000000003,0.8500000000000003,0.7500000000000002,150,2,0.09791666666666667,0.26666666666666666,0.9020833333333333,0.7333333333333333,0.0
asymmetric_quality_path,0.8000000000000003,0.8500000000000003,0.7500000000000002,150,3,0.07291666666666667,0.3013888888888889,0.9270833333333334,0.6986111111111111,0.0
asymmetric_quality_path,0.8250000000000003,0.8750000000000003,0.7750000000000002,150,1,0.13125,0.2652777777777778,0.86875,0.7347222222222223,0.0
asymmetric_quality_path,0.8250000000000003,0.8750000000000003,0.7750000000000002,150,2,0.09583333333333334,0.26805555555555555,0.9041666666666667,0.7319444444444444,0.0
asymmetric_quality_path,0.8250000000000003,0.8750000000000003,0.7750000000000002,150,3,0.07291666666666667,0.3013888888888889,0.9270833333333334,0.6986111111111111,0.0
asymmetric_quality_path,0.8500000000000003,0.9000000000000004,0.8000000000000003,150,1,0.12916666666666668,0.2652777777777778,0.8708333333333333,0.7347222222222223,0.0
asymmetric_quality_path,0.8500000000000003,0.9000000000000004,0.8000000000000003,150,2,0.09583333333333334,0.2708333333333333,0.9041666666666667,0.7291666666666666,0.0
asymmetric_quality_path,0.8500000000000003,0.9000000000000004,0.8000000000000003,150,3,0.07083333333333333,0.3,0.9291666666666667,0.7,0.0
asymmetric_quality_path,0.8750000000000003,0.9250000000000004,0.8250000000000003,150,1,0.12708333333333333,0.2638888888888889,0.8729166666666667,0.7361111111111112,0.0
asymmetric_quality_path,0.8750000000000003,0.9250000000000004,0.8250000000000003,150,2,0.09583333333333334,0.2722222222222222,0.9041666666666667,0.7277777777777777,0.0
asymmetric_quality_path,0.8750000000000003,0.9250000000000004,0.8250000000000003,150,3,0.07083333333333333,0.2986111111111111,0.9291666666666667,0.7013888888888888,0.0
asymmetric_quality_path,0.9000000000000004,0.9500000000000004,0.8500000000000003,150,1,0.125,0.26666666666666666,0.875,0.7333333333333333,0.0
asymmetric_quality_path,0.9000000000000004,0.9500000000000004,0.8500000000000003,150,2,0.09583333333333334,0.2722222222222222,0.9041666666666667,0.7277777777777777,0.0
asymmetric_quality_path,0.9000000000000004,0.9500000000000004,0.8500000000000003,150,3,0.07083333333333333,0.3,0.9291666666666667,0.7,0.0
